.groups,time,HR1,HR2,Resp1,Resp2,group,trial,condition
1,5.3577917,NaN,NaN,-1.2634535409505843,0.5029609219256351,4,2,MovementCoop
2,5.3594583,NaN,NaN,-1.3470147384423847,0.1738081897583737,4,2,MovementCoop
3,5.361125,NaN,NaN,-1.3851509601802936,-0.07605302335580766,4,2,MovementCoop
4,5.3627917,NaN,NaN,-1.396417413595113,-0.09142713030672318,4,2,MovementCoop
5,5.3644583,NaN,NaN,-1.4506691440663655,-0.5377138042300641,4,2,MovementCoop
6,5.366125,NaN,NaN,-1.5516324032694748,-0.8122059011461297,4,2,MovementCoop
7,5.3677917,NaN,NaN,-1.6206304807461798,-0.9185357094598836,4,2,MovementCoop
8,5.3694583,NaN,NaN,-1.4819174208296972,-1.06186373201924,4,2,MovementCoop
9,5.371125,NaN,NaN,-1.1277714097717602,-1.2334373175721216,4,2,MovementCoop
10,5.3727917,NaN,NaN,-0.7160459744222399,-1.3742493884251952,4,2,MovementCoop
11,5.3744583,NaN,NaN,-0.3061983220908836,-1.4660275169571875,4,2,MovementCoop
12,5.376125,NaN,NaN,0.06500091467748968,-1.5149732002250238,4,2,MovementCoop
13,5.3777917,NaN,NaN,0.35582634014048464,-1.534207769611093,4,2,MovementCoop
14,5.3794583,NaN,NaN,0.5561263274966196,-1.543381915327072,4,2,MovementCoop
15,5.381125,NaN,NaN,0.6750305628388722,-1.569750892205974,4,2,MovementCoop
16,5.3827917,NaN,NaN,0.7310636178886534,-1.589287924346047,4,2,MovementCoop
17,5.3844583,NaN,NaN,0.7482430568491246,-1.478516328746876,4,2,MovementCoop
18,5.386125,NaN,NaN,0.7495993476639644,-1.1865478391471496,4,2,MovementCoop
19,5.3877917,NaN,NaN,0.7472166137679943,-0.7471721876257236,4,2,MovementCoop
20,5.3894583,NaN,NaN,0.7097858942450934,-0.27170473342485535,4,2,MovementCoop
21,5.391125,NaN,NaN,0.5665177545792847,0.14760800840935806,4,2,MovementCoop
22,5.3927917,NaN,NaN,0.37400188010569163,0.4849537713306877,4,2,MovementCoop
23,5.3944583,NaN,NaN,0.17422583189452584,0.736685427271538,4,2,MovementCoop
24,5.396125,NaN,NaN,-0.07513362257924797,0.9110664954197021,4,2,MovementCoop
25,5.3977917,NaN,NaN,-0.40860292780040314,0.9948657244539516,4,2,MovementCoop
26,5.3994583,NaN,NaN,-0.6935079290151466,0.9561055619038481,4,2,MovementCoop
27,5.401125,NaN,NaN,-0.747244920842014,0.8225098404422578,4,2,MovementCoop
28,5.4027917,NaN,NaN,-0.5589799712713077,0.5951211803550717,4,2,MovementCoop
29,5.4044583,NaN,NaN,-0.21755629496797044,0.26450289729956866,4,2,MovementCoop
30,5.406125,NaN,NaN,0.10940678817518541,-0.06309975581452766,4,2,MovementCoop
31,5.4077917,NaN,NaN,0.3397618746098501,-0.3075952922780123,4,2,MovementCoop
32,5.4094583,NaN,NaN,0.3858694002661223,-0.45811956089857553,4,2,MovementCoop
33,5.411125,NaN,NaN,0.6625184203715545,-0.5365553735484513,4,2,MovementCoop
34,5.4127917,NaN,NaN,0.6418451402530753,-0.5698061659141543,4,2,MovementCoop
35,5.4144583,NaN,NaN,0.4547879032005408,-0.6067226103890805,4,2,MovementCoop
36,5.416125,NaN,NaN,0.15566959674823208,-0.668581622582048,4,2,MovementCoop
37,5.4177917,NaN,NaN,-0.30215235302015925,-0.7237771602905666,4,2,MovementCoop
38,5.4194583,NaN,NaN,-0.8242453783959707,-0.7579344723095244,4,2,MovementCoop
39,5.421125,NaN,NaN,-1.2599438925495514,-0.7691433671454081,4,2,MovementCoop
40,5.4227917,NaN,NaN,-1.567773996400751,-0.7572004711055899,4,2,MovementCoop
41,5.4244583,NaN,NaN,-1.7476118257635138,-0.7220836651658779,4,2,MovementCoop
42,5.426125,NaN,NaN,-1.7674872071504804,-0.674316476065492,4,2,MovementCoop
43,5.4277917,NaN,NaN,-1.7674872071504804,-0.5338559128478529,4,2,MovementCoop
44,5.4294583,NaN,NaN,-1.7674872071504804,-0.24451593911506905,4,2,MovementCoop
45,5.431125,NaN,NaN,-1.7674872071504804,0.08840182443519147,4,2,MovementCoop
46,5.4327917,NaN,NaN,-1.7674872071504804,0.43375714533849047,4,2,MovementCoop
47,5.4344583,NaN,NaN,-1.7674872071504804,0.7871008124936512,4,2,MovementCoop
48,5.436125,NaN,NaN,-1.7674872071504804,1.1097206505432726,4,2,MovementCoop
49,5.4377917,NaN,NaN,-1.7506899315360827,1.3640077114288502,4,2,MovementCoop
50,5.4394583,NaN,NaN,-1.4970017883539526,1.5406107227946744,4,2,MovementCoop
51,5.441125,NaN,NaN,-1.09290180619073,1.6385930505609585,4,2,MovementCoop
52,5.4427917,NaN,NaN,-0.6680491161832405,1.6578051694171083,4,2,MovementCoop
53,5.4444583,NaN,NaN,-0.256382701066191,1.5713525181197037,4,2,MovementCoop
54,5.446125,NaN,NaN,0.10499216287626639,1.3642291016174053,4,2,MovementCoop
55,5.4477917,NaN,NaN,0.3952825400792252,1.0802214221403945,4,2,MovementCoop
56,5.4494583,NaN,NaN,0.6040987652580047,0.7961942551107919,4,2,MovementCoop
57,5.451125,NaN,NaN,0.7293552611099703,0.5547360167187522,4,2,MovementCoop
58,5.4527917,NaN,NaN,0.7899522048989988,0.37538069643814426,4,2,MovementCoop
59,5.4544583,NaN,NaN,0.7986652257687122,0.2419084202911147,4,2,MovementCoop
60,5.456125,NaN,NaN,0.732476530933152,0.13231114895780646,4,2,MovementCoop
61,5.4577917,NaN,NaN,0.5751995035347784,0.050968148438921855,4,2,MovementCoop
62,5.4594583,NaN,NaN,0.391556288403801,-0.009471814947621265,4,2,MovementCoop
63,5.461125,NaN,NaN,0.21270599575001742,-0.1190646816593771,4,2,MovementCoop
64,5.4627917,NaN,NaN,0.03543280592509372,-0.26780479601792717,4,2,MovementCoop
65,5.4644583,NaN,NaN,-0.1881478736273094,-0.3955265489505622,4,2,MovementCoop
66,5.466125,NaN,NaN,-0.5109621182729965,-0.4824187930700059,4,2,MovementCoop
67,5.4677917,NaN,NaN,-0.9256909297972556,-0.5323525459653621,4,2,MovementCoop
68,5.4694583,NaN,NaN,-1.3094144948023374,-0.5541138612782945,4,2,MovementCoop
69,5.471125,NaN,NaN,-1.6047051972562971,-0.5546046360925502,4,2,MovementCoop
70,5.4727917,NaN,NaN,-1.7616356887789444,-0.5369222901148757,4,2,MovementCoop
71,5.4744583,NaN,NaN,-1.7674872071504804,-0.4453586840391494,4,2,MovementCoop
72,5.476125,NaN,NaN,-1.668029551141372,-0.20648747983147164,4,2,MovementCoop
73,5.4777917,NaN,NaN,-1.246598077063875,0.09274414377484567,4,2,MovementCoop
74,5.4794583,NaN,NaN,-0.7299778324318286,0.41135739896709006,4,2,MovementCoop
75,5.481125,NaN,NaN,-0.19003882119152207,0.744776963374374,4,2,MovementCoop
76,5.4827917,NaN,NaN,0.3188918114443018,1.053616421297385,4,2,MovementCoop
77,5.4844583,NaN,NaN,0.7628110707475095,1.2991950092850566,4,2,MovementCoop
78,5.486125,NaN,NaN,1.0964217113180643,1.454981402483175,4,2,MovementCoop
79,5.4877917,NaN,NaN,1.3025764470087062,1.536790293153433,4,2,MovementCoop
80,5.4894583,NaN,NaN,1.3570217305640566,1.5744942158641613,4,2,MovementCoop
81,5.491125,NaN,NaN,1.2885971183312097,1.5737491248663578,4,2,MovementCoop
82,5.4927917,NaN,NaN,1.1585661010032187,1.53979333225231,4,2,MovementCoop
83,5.4944583,NaN,NaN,1.0527715023390933,1.5046831375915926,4,2,MovementCoop
84,5.496125,NaN,NaN,1.0613752427949532,1.4701694503957183,4,2,MovementCoop
85,5.4977917,NaN,NaN,1.1037470226422197,1.3984063568644414,4,2,MovementCoop
86,5.4994583,NaN,NaN,1.0766345177079737,1.275145630720075,4,2,MovementCoop
87,5.501125,NaN,NaN,0.9768661490488181,1.1335442198092605,4,2,MovementCoop
88,5.5027917,NaN,NaN,0.8081519206476557,0.9853126943511459,4,2,MovementCoop
89,5.5044583,NaN,NaN,0.6194487727672117,0.8234957367367749,4,2,MovementCoop
90,5.506125,NaN,NaN,0.44854095905921676,0.6328797986130377,4,2,MovementCoop
91,5.5077917,NaN,NaN,0.29859673062643166,0.37520827868658646,4,2,MovementCoop
92,5.5094583,NaN,NaN,0.15350552155763492,0.03965966655862691,4,2,MovementCoop
93,5.511125,NaN,NaN,0.008864794445632582,-0.33053488007842896,4,2,MovementCoop
94,5.5127917,NaN,NaN,-0.19912969879001438,-0.6385850819792417,4,2,MovementCoop
95,5.5144583,NaN,NaN,-0.5282480481338464,-0.8405619939157357,4,2,MovementCoop
96,5.516125,NaN,NaN,-0.9402004128514988,-0.9444067322811773,4,2,MovementCoop
97,5.5177917,NaN,NaN,-1.3169029192565305,-0.958036529408465,4,2,MovementCoop
98,5.5194583,NaN,NaN,-1.607589211617606,-0.8616974978311255,4,2,MovementCoop
99,5.521125,NaN,NaN,-1.7619224214008735,-0.6311168874838349,4,2,MovementCoop
100,5.5227917,NaN,NaN,-1.7674872071504804,-0.3364421875356476,4,2,MovementCoop
101,5.5244583,NaN,NaN,-1.7674872071504804,-0.026663154288853026,4,2,MovementCoop
102,5.526125,NaN,NaN,-1.7674872071504804,0.26843148647991744,4,2,MovementCoop
103,5.5277917,NaN,NaN,-1.7674872071504804,0.5396648941217612,4,2,MovementCoop
104,5.5294583,NaN,NaN,-1.7674872071504804,0.7790068857245119,4,2,MovementCoop
105,5.531125,NaN,NaN,-1.7400980509938815,0.9814064180562928,4,2,MovementCoop
106,5.5327917,NaN,NaN,-1.4169640400140613,1.1287804912003574,4,2,MovementCoop
107,5.5344583,NaN,NaN,-0.9450122746570229,1.1840087223572375,4,2,MovementCoop
108,5.536125,NaN,NaN,-0.4401481164629062,1.18503446309014,4,2,MovementCoop
109,5.5377917,NaN,NaN,0.02395219617752743,1.0870038148867593,4,2,MovementCoop
110,5.5394583,NaN,NaN,0.32019103957998646,0.8430261764334058,4,2,MovementCoop
111,5.541125,NaN,NaN,0.3507778590779155,0.46626796128338993,4,2,MovementCoop
112,5.5427917,NaN,NaN,0.7479505983837468,0.046002785238459715,4,2,MovementCoop
113,5.5444583,NaN,NaN,1.0643636436868262,-0.3405874725052652,4,2,MovementCoop
114,5.546125,NaN,NaN,1.1105383623606628,-0.7154599970140421,4,2,MovementCoop
115,5.5477917,NaN,NaN,1.0379709800456263,-1.0255707660717222,4,2,MovementCoop
116,5.5494583,NaN,NaN,0.8821917745668235,-1.2242512909690604,4,2,MovementCoop
117,5.551125,NaN,NaN,0.6756850218511711,-1.3476044851882538,4,2,MovementCoop
118,5.5527917,NaN,NaN,0.4569656323255155,-1.433207703770389,4,2,MovementCoop
119,5.5544583,NaN,NaN,0.2569552160436177,-1.4677033015912362,4,2,MovementCoop
120,5.556125,NaN,NaN,0.0983415223023952,-1.4754677148549298,4,2,MovementCoop
121,5.5577917,NaN,NaN,-0.014087175610082903,-1.5065165731554857,4,2,MovementCoop
122,5.5594583,NaN,NaN,-0.09207438685169247,-1.544971708418642,4,2,MovementCoop
123,5.561125,NaN,NaN,-0.15412153507588539,-1.5730445783717628,4,2,MovementCoop
124,5.5627917,NaN,NaN,-0.20921095154979377,-1.574066262216393,4,2,MovementCoop
125,5.5644583,NaN,NaN,-0.25637986261388307,-1.48994185909826,4,2,MovementCoop
126,5.566125,NaN,NaN,-0.3644475232494617,-1.2547121033145971,4,2,MovementCoop
127,5.5677917,NaN,NaN,-0.6008140601615618,-0.8485983359087431,4,2,MovementCoop
128,5.5694583,NaN,NaN,-0.9327210420813912,-0.3743667397683797,4,2,MovementCoop
129,5.571125,NaN,NaN,-1.2542821100331476,0.062304890892696925,4,2,MovementCoop
130,5.5727917,NaN,NaN,-1.5096699478205382,0.4398375515249412,4,2,MovementCoop
131,5.5744583,NaN,NaN,-1.6878675432600072,0.7680303949492859,4,2,MovementCoop
132,5.576125,NaN,NaN,-1.7660877033461948,1.0462917819668143,4,2,MovementCoop
133,5.5777917,NaN,NaN,-1.7674872071504804,1.2700411959407618,4,2,MovementCoop
134,5.5794583,NaN,NaN,-1.7674872071504804,1.4193404799031666,4,2,MovementCoop
135,5.581125,NaN,NaN,-1.7674872071504804,1.4762778201334723,4,2,MovementCoop
136,5.5827917,NaN,NaN,-1.7674872071504804,1.4165815061005074,4,2,MovementCoop
137,5.5844583,NaN,NaN,-1.7674872071504804,1.2327778078297071,4,2,MovementCoop
138,5.586125,NaN,NaN,-1.7674872071504804,0.9846361357873649,4,2,MovementCoop
139,5.5877917,NaN,NaN,-1.6063540933530134,0.7500763461240411,4,2,MovementCoop
140,5.5894583,NaN,NaN,-1.1665871472044098,0.5397159674473276,4,2,MovementCoop
141,5.591125,NaN,NaN,-0.6690938134490405,0.2909424350566293,4,2,MovementCoop
142,5.5927917,NaN,NaN,-0.1898776656148003,0.03820033140277336,4,2,MovementCoop
143,5.5944583,NaN,NaN,0.23313272202837387,-0.16234163872260202,4,2,MovementCoop
144,5.596125,NaN,NaN,0.6376230403227634,-0.3201727253431129,4,2,MovementCoop
145,5.5977917,NaN,NaN,1.0065360016348017,-0.4404882158020342,4,2,MovementCoop
146,5.5994583,NaN,NaN,1.2962244801319904,-0.5197176427312233,4,2,MovementCoop
147,5.601125,NaN,NaN,1.4598112401942918,-0.5844972087911671,4,2,MovementCoop
148,5.6027917,NaN,NaN,1.4769461937556618,-0.6880722656536197,4,2,MovementCoop
149,5.6044583,NaN,NaN,1.3517748514729326,-0.7996461745872253,4,2,MovementCoop
150,5.606125,NaN,NaN,1.169656815069114,-0.8833967833368687,4,2,MovementCoop
151,5.6077917,NaN,NaN,0.9755199885723875,-0.9274962020527978,4,2,MovementCoop
152,5.6094583,NaN,NaN,0.7907840671805405,-0.908622413189642,4,2,MovementCoop
153,5.611125,NaN,NaN,0.5995107986129731,-0.7771421465403056,4,2,MovementCoop
154,5.6127917,NaN,NaN,0.3905363052486127,-0.5072530056489696,4,2,MovementCoop
155,5.6144583,NaN,NaN,0.20469353427318948,-0.17267716288419005,4,2,MovementCoop
156,5.616125,NaN,NaN,0.06508900457669986,0.1521023161703435,4,2,MovementCoop
157,5.6177917,NaN,NaN,-0.05567657033586415,0.4553572500537163,4,2,MovementCoop
158,5.6194583,NaN,NaN,-0.23469726800578658,0.7443123772228024,4,2,MovementCoop
159,5.621125,NaN,NaN,-0.5062356057920405,1.0059774689863872,4,2,MovementCoop
160,5.6227917,NaN,NaN,-0.7873515178699232,1.2224594022877382,4,2,MovementCoop
161,5.6244583,NaN,NaN,-1.0345145485845564,1.3731299144860618,4,2,MovementCoop
162,5.626125,NaN,NaN,-1.2658659807181212,1.446016476290935,4,2,MovementCoop
163,5.6277917,NaN,NaN,-1.484383350741588,1.4319311050995944,4,2,MovementCoop
164,5.6294583,NaN,NaN,-1.6664987444484305,1.3122791259619937,4,2,MovementCoop
165,5.631125,NaN,NaN,-1.7641521725052152,1.0925073460498256,4,2,MovementCoop
166,5.6327917,NaN,NaN,-1.7674872071504804,0.8495814558809749,4,2,MovementCoop
167,5.6344583,NaN,NaN,-1.7674872071504804,0.6300454825996138,4,2,MovementCoop
168,5.636125,NaN,NaN,-1.7674872071504804,0.3938409145197483,4,2,MovementCoop
169,5.6377917,NaN,NaN,-1.7674872071504804,0.08585236717844845,4,2,MovementCoop
170,5.6394583,NaN,NaN,-1.7674872071504804,-0.21361741025831896,4,2,MovementCoop
171,5.641125,NaN,NaN,-1.7674872071504804,-0.44248681283143654,4,2,MovementCoop
172,5.6427917,NaN,NaN,-1.7515022182844664,-0.6040453249295543,4,2,MovementCoop
173,5.6444583,NaN,NaN,-1.4781806962440336,-0.7352535697439911,4,2,MovementCoop
174,5.646125,NaN,NaN,-1.0463487903386188,-0.8467102832891966,4,2,MovementCoop
175,5.6477917,NaN,NaN,-0.5767165299054505,-0.9571787728277946,4,2,MovementCoop
176,5.6494583,NaN,NaN,-0.12050026324432954,-1.1358556727226825,4,2,MovementCoop
177,5.651125,NaN,NaN,0.2621586374511311,-1.3576593089036397,4,2,MovementCoop
178,5.6527917,NaN,NaN,0.5885348461102154,-1.5422147847934489,4,2,MovementCoop
179,5.6544583,NaN,NaN,0.8830356268624243,-1.657314841112159,4,2,MovementCoop
180,5.656125,NaN,NaN,1.0739640724134167,-1.7129657855380895,4,2,MovementCoop
181,5.6577917,NaN,NaN,1.0980584705842225,-1.73022270158046,4,2,MovementCoop
182,5.6594583,NaN,NaN,1.0301119418099227,-1.7250962436933845,4,2,MovementCoop
183,5.661125,NaN,NaN,0.9075485499321445,-1.724889125058215,4,2,MovementCoop
184,5.6627917,NaN,NaN,0.7062806014001881,-1.7498911479227706,4,2,MovementCoop
185,5.6644583,NaN,NaN,0.457752519819627,-1.6578414396987446,4,2,MovementCoop
186,5.666125,NaN,NaN,0.2410420204454601,-1.3368312445154524,4,2,MovementCoop
187,5.6677917,NaN,NaN,0.08982861232038758,-0.8425738470449,4,2,MovementCoop
188,5.6694583,NaN,NaN,-0.015025039403674126,-0.31673044839992065,4,2,MovementCoop
189,5.671125,NaN,NaN,-0.12386485694466301,0.146745774762702,4,2,MovementCoop
190,5.6727917,NaN,NaN,-0.23062149518582947,0.532541432982819,4,2,MovementCoop
191,5.6744583,NaN,NaN,-0.2760309083908609,0.8329758152951191,4,2,MovementCoop
192,5.676125,NaN,NaN,-0.2432310259306073,1.0515359620582094,4,2,MovementCoop
193,5.6777917,NaN,NaN,-0.11332680911864587,1.1991596062754324,4,2,MovementCoop
194,5.6794583,NaN,NaN,0.11918031355372384,1.2779866840658076,4,2,MovementCoop
195,5.681125,NaN,NaN,0.38907738970119315,1.272286900932586,4,2,MovementCoop
196,5.6827917,NaN,NaN,0.6119336277102582,1.145761466395802,4,2,MovementCoop
197,5.6844583,NaN,NaN,0.7460208423250487,0.9362150009286483,4,2,MovementCoop
198,5.686125,NaN,NaN,0.8030127559277328,0.6569869878358947,4,2,MovementCoop
199,5.6877917,NaN,NaN,0.793988973469139,0.27656127324360336,4,2,MovementCoop
200,5.6894583,NaN,NaN,0.7013089543052633,-0.10898995745812866,4,2,MovementCoop
201,5.691125,NaN,NaN,0.5157792939826995,-0.435653151159535,4,2,MovementCoop
202,5.6927917,NaN,NaN,0.30327748529863124,-0.7005192363856266,4,2,MovementCoop
203,5.6944583,NaN,NaN,0.12221349347769539,-0.8943801766177116,4,2,MovementCoop
204,5.696125,NaN,NaN,-0.02661913830472285,-1.0193649368376783,4,2,MovementCoop
205,5.6977917,NaN,NaN,-0.1437625544394294,-1.1379648416908257,4,2,MovementCoop
206,5.6994583,NaN,NaN,-0.23221954383516824,-1.2994128542946362,4,2,MovementCoop
207,5.701125,NaN,NaN,-0.33790354073695184,-1.4507883015413143,4,2,MovementCoop
208,5.7027917,NaN,NaN,-0.5260165841703534,-1.5366585647939506,4,2,MovementCoop
209,5.7044583,NaN,NaN,-0.7751272336176913,-1.4707698237471258,4,2,MovementCoop
210,5.706125,NaN,NaN,-1.0763996317386866,-1.2034208793812302,4,2,MovementCoop
211,5.7077917,NaN,NaN,-1.3761287927031851,-0.7666473509880938,4,2,MovementCoop
212,5.7094583,NaN,NaN,-1.6199433795323401,-0.287525431330079,4,2,MovementCoop
213,5.711125,NaN,NaN,-1.7592745369082807,0.10442568550951971,4,2,MovementCoop
214,5.7127917,NaN,NaN,-1.7674872071504804,0.4001217020090599,4,2,MovementCoop
215,5.7144583,NaN,NaN,-1.7674872071504804,0.6289888805380713,4,2,MovementCoop
216,5.716125,NaN,NaN,-1.7674872071504804,0.8228254808387022,4,2,MovementCoop
217,5.7177917,NaN,NaN,-1.7674872071504804,0.9832768608829616,4,2,MovementCoop
218,5.7194583,NaN,NaN,-1.7674872071504804,1.0913904702196713,4,2,MovementCoop
219,5.721125,NaN,NaN,-1.7674872071504804,1.1114296871722646,4,2,MovementCoop
220,5.7227917,NaN,NaN,-1.7674872071504804,0.9987854754134223,4,2,MovementCoop
221,5.7244583,NaN,NaN,-1.6322676947590085,0.811466628343845,4,2,MovementCoop
222,5.726125,NaN,NaN,-1.2358347637900442,0.6146740778260651,4,2,MovementCoop
223,5.7277917,NaN,NaN,-0.7762949631093882,0.4016363702231655,4,2,MovementCoop
224,5.7294583,NaN,NaN,-0.3048511338989623,0.1525066285533033,4,2,MovementCoop
225,5.731125,NaN,NaN,0.13987400116552012,-0.10923760150935778,4,2,MovementCoop
226,5.7327917,NaN,NaN,0.5630438315262647,-0.3372690755432343,4,2,MovementCoop
227,5.7344583,NaN,NaN,0.9464811532977462,-0.555068845533068,4,2,MovementCoop
228,5.736125,NaN,NaN,1.2345566078627304,-0.7507934616514731,4,2,MovementCoop
229,5.7377917,NaN,NaN,1.3754422583267336,-0.891870915154856,4,2,MovementCoop
230,5.7394583,NaN,NaN,1.3541557256932528,-0.9754092333887828,4,2,MovementCoop
231,5.741125,NaN,NaN,1.226418569340695,-1.0138334131455355,4,2,MovementCoop
232,5.7427917,NaN,NaN,1.0702377717991596,-1.0334325301650558,4,2,MovementCoop
233,5.7444583,NaN,NaN,0.9147739281595293,-1.0547271367045172,4,2,MovementCoop
234,5.746125,NaN,NaN,0.7688058820217608,-1.1521362696246351,4,2,MovementCoop
235,5.7477917,NaN,NaN,0.639131579846738,-1.2907353151698036,4,2,MovementCoop
236,5.7494583,NaN,NaN,0.49695223133516725,-1.4086609651921531,4,2,MovementCoop
237,5.751125,NaN,NaN,0.3232319518395553,-1.4644533791076813,4,2,MovementCoop
238,5.7527917,NaN,NaN,0.16149224120836028,-1.4216871408112346,4,2,MovementCoop
239,5.7544583,NaN,NaN,0.025790632374044248,-1.2746493547271411,4,2,MovementCoop
240,5.756125,NaN,NaN,-0.08795388393846973,-1.0029163804146008,4,2,MovementCoop
241,5.7577917,NaN,NaN,-0.16882961191401458,-0.6154310977758732,4,2,MovementCoop
242,5.7594583,NaN,NaN,-0.2237424081400065,-0.2018690095560345,4,2,MovementCoop
243,5.761125,NaN,NaN,-0.3154699797380884,0.15383772257310319,4,2,MovementCoop
244,5.7627917,NaN,NaN,-0.500864715698362,0.44734974949365625,4,2,MovementCoop
245,5.7644583,NaN,NaN,-0.720991047730903,0.7043809330730404,4,2,MovementCoop
246,5.766125,NaN,NaN,-0.9503545355334582,0.9354164459389752,4,2,MovementCoop
247,5.7677917,NaN,NaN,-1.1938209225665686,1.1387686225703297,4,2,MovementCoop
248,5.7694583,NaN,NaN,-1.4088154796429537,1.2903632359614567,4,2,MovementCoop
249,5.771125,NaN,NaN,-1.5655877519188528,1.359756672075315,4,2,MovementCoop
250,5.7727917,NaN,NaN,-1.654458029758386,1.3353554308971751,4,2,MovementCoop
251,5.7744583,NaN,NaN,-1.617363911528134,1.2155239344535407,4,2,MovementCoop
252,5.776125,NaN,NaN,-1.3602082073412605,1.0189967478954063,4,2,MovementCoop
253,5.7777917,NaN,NaN,-0.9727569224957678,0.811564210995672,4,2,MovementCoop
254,5.7794583,NaN,NaN,-0.5675611509252032,0.6405823805528007,4,2,MovementCoop
255,5.781125,NaN,NaN,-0.17138490413477078,0.4832953733606616,4,2,MovementCoop
256,5.7827917,NaN,NaN,0.1860441685278974,0.2917228789379455,4,2,MovementCoop
257,5.7844583,NaN,NaN,0.5304051046427329,0.08506600458692118,4,2,MovementCoop
258,5.786125,NaN,NaN,0.8947833936987619,-0.12341999753038822,4,2,MovementCoop
259,5.7877917,NaN,NaN,1.2342920445321024,-0.30808390824815185,4,2,MovementCoop
260,5.7894583,NaN,NaN,1.4908073840905507,-0.44381993529537245,4,2,MovementCoop
261,5.791125,NaN,NaN,1.6344308686220068,-0.5292330886619668,4,2,MovementCoop
262,5.7927917,NaN,NaN,1.6544557581434662,-0.6142261802257742,4,2,MovementCoop
263,5.7944583,NaN,NaN,1.5669244957107609,-0.7376014697653409,4,2,MovementCoop
264,5.796125,NaN,NaN,1.412250818467046,-0.8563716417266398,4,2,MovementCoop
265,5.7977917,NaN,NaN,1.2217900813420268,-0.9410264532841125,4,2,MovementCoop
266,5.7994583,NaN,NaN,1.0437429728137086,-0.9858266777156908,4,2,MovementCoop
267,5.801125,NaN,NaN,0.9017804233318608,-0.9734217420910248,4,2,MovementCoop
268,5.8027917,NaN,NaN,0.7988309815957261,-0.8600902226589695,4,2,MovementCoop
269,5.8044583,NaN,NaN,0.7286979636453635,-0.6070940293770424,4,2,MovementCoop
270,5.806125,NaN,NaN,0.6894266546172986,-0.27180861149794727,4,2,MovementCoop
271,5.8077917,NaN,NaN,0.6720628630733135,0.05754296615018636,4,2,MovementCoop
272,5.8094583,NaN,NaN,0.6359206540816934,0.3535350775380321,4,2,MovementCoop
273,5.811125,NaN,NaN,0.5036776015068685,0.6176854480347863,4,2,MovementCoop
274,5.8127917,NaN,NaN,0.30049056558178505,0.8499106433864702,4,2,MovementCoop
275,5.8144583,NaN,NaN,0.05940471019716455,1.0470041280807085,4,2,MovementCoop
276,5.816125,NaN,NaN,-0.19727760865911997,1.1971387688049677,4,2,MovementCoop
277,5.8177917,NaN,NaN,-0.45932616841995816,1.2748112272153729,4,2,MovementCoop
278,5.8194583,NaN,NaN,-0.720387680860146,1.2765184527335292,4,2,MovementCoop
279,5.821125,NaN,NaN,-0.9488221627978639,1.190979760408248,4,2,MovementCoop
280,5.8227917,NaN,NaN,-1.133383617250442,1.0135382047254986,4,2,MovementCoop
281,5.8244583,NaN,NaN,-1.340101247397037,0.810812092887826,4,2,MovementCoop
282,5.826125,NaN,NaN,-1.546231905181895,0.6291439840700399,4,2,MovementCoop
283,5.8277917,NaN,NaN,-1.6902229203483892,0.4437900473683211,4,2,MovementCoop
284,5.8294583,NaN,NaN,-1.6212485782056378,0.22786970331490136,4,2,MovementCoop
285,5.831125,NaN,NaN,-1.3026193378549284,0.015196470901019677,4,2,MovementCoop
286,5.8327917,NaN,NaN,-0.8732960365236885,-0.17485714628600862,4,2,MovementCoop
287,5.8344583,NaN,NaN,-0.4094256385201935,-0.3425485070959354,4,2,MovementCoop
288,5.836125,NaN,NaN,0.032801071247356185,-0.4728768252321845,4,2,MovementCoop
289,5.8377917,NaN,NaN,0.48622762867815605,-0.5687715434937138,4,2,MovementCoop
290,5.8394583,NaN,NaN,0.9544711518502755,-0.6853507427252653,4,2,MovementCoop
291,5.841125,NaN,NaN,1.3851547569806526,-0.8213012334763163,4,2,MovementCoop
292,5.8427917,NaN,NaN,1.7236984808458111,-0.92601048263429,4,2,MovementCoop
293,5.8444583,NaN,NaN,1.9207322415557306,-0.9813939767008922,4,2,MovementCoop
294,5.846125,NaN,NaN,1.9554246376228495,-0.9606895822050094,4,2,MovementCoop
295,5.8477917,NaN,NaN,1.882235878946551,-0.8194087596454422,4,2,MovementCoop
296,5.8494583,NaN,NaN,1.7406809899427147,-0.5162466560590637,4,2,MovementCoop
297,5.851125,NaN,NaN,1.5511072202250764,-0.147798875111929,4,2,MovementCoop
298,5.8527917,NaN,NaN,1.3496945106254181,0.1859673359093063,4,2,MovementCoop
299,5.8544583,NaN,NaN,1.126639580954801,0.47812211636959207,4,2,MovementCoop
300,5.856125,NaN,NaN,0.9101620793640451,0.7548294978456636,4,2,MovementCoop
301,5.8577917,NaN,NaN,0.7197625647189771,1.0155502039750852,4,2,MovementCoop
302,5.8594583,NaN,NaN,0.5702977410932271,1.233274921531888,4,2,MovementCoop
303,5.861125,NaN,NaN,0.47322957253902836,1.3763747006592868,4,2,MovementCoop
304,5.8627917,NaN,NaN,0.42062301881319225,1.4173839730895856,4,2,MovementCoop
305,5.8644583,NaN,NaN,0.40064692130812884,1.3328924650495013,4,2,MovementCoop
306,5.866125,NaN,NaN,0.3990695248462715,1.1132975944437635,4,2,MovementCoop
307,5.8677917,NaN,NaN,0.40365969373878346,0.8466272443302281,4,2,MovementCoop
308,5.8694583,NaN,NaN,0.4114887324699225,0.6106500793268921,4,2,MovementCoop
309,5.871125,NaN,NaN,0.4203584065437313,0.4292031433643606,4,2,MovementCoop
310,5.8727917,NaN,NaN,0.4273349308058475,0.27609045687075695,4,2,MovementCoop
311,5.8744583,NaN,NaN,0.4294142439378712,0.08408402029180918,4,2,MovementCoop
312,5.876125,NaN,NaN,0.4163202676862702,-0.1461142015458987,4,2,MovementCoop
313,5.8777917,NaN,NaN,0.3837932681582366,-0.3417260671765612,4,2,MovementCoop
314,5.8794583,NaN,NaN,0.3345049141191499,-0.4733278352969318,4,2,MovementCoop
315,5.881125,NaN,NaN,0.23958134310005635,-0.5464642579526972,4,2,MovementCoop
316,5.8827917,NaN,NaN,0.1238998767204088,-0.5775242074960107,4,2,MovementCoop
317,5.8844583,NaN,NaN,0.025624925485863287,-0.5841256630254466,4,2,MovementCoop
318,5.886125,NaN,NaN,-0.03879100906692469,-0.6091258095791764,4,2,MovementCoop
319,5.8877917,NaN,NaN,-0.07249919626570127,-0.6829762981796855,4,2,MovementCoop
320,5.8894583,NaN,NaN,-0.08648420184781336,-0.760158565605524,4,2,MovementCoop
321,5.891125,NaN,NaN,-0.09172506146249103,-0.8074813480237137,4,2,MovementCoop
322,5.8927917,NaN,NaN,-0.09619405780475604,-0.8225658272008958,4,2,MovementCoop
323,5.8944583,NaN,NaN,-0.11386601717947807,-0.8108351746603568,4,2,MovementCoop
324,5.896125,NaN,NaN,-0.1670432955745305,-0.780453967228492,4,2,MovementCoop
325,5.8977917,NaN,NaN,-0.2347376425429246,-0.746513329917473,4,2,MovementCoop
326,5.8994583,NaN,NaN,-0.2879613638903939,-0.7280109028111768,4,2,MovementCoop
327,5.901125,NaN,NaN,-0.29497610938100055,-0.670045174003927,4,2,MovementCoop
328,5.9027917,NaN,NaN,-0.2206432586692931,-0.4563354501032224,4,2,MovementCoop
329,5.9044583,NaN,NaN,-0.06431368707575816,-0.13641094342149393,4,2,MovementCoop
330,5.906125,NaN,NaN,0.141579666308394,0.18318242699948004,4,2,MovementCoop
331,5.9077917,NaN,NaN,0.39706293481992905,0.4759200953711248,4,2,MovementCoop
332,5.9094583,NaN,NaN,0.69248958935167,0.7409099519624387,4,2,MovementCoop
333,5.911125,NaN,NaN,1.0128727485344873,0.952650034873782,4,2,MovementCoop
334,5.9127917,NaN,NaN,1.3097032134878086,1.1157580247362673,4,2,MovementCoop
335,5.9144583,NaN,NaN,1.528876510688561,1.2437939981544515,4,2,MovementCoop
336,5.916125,NaN,NaN,1.6557357533178232,1.3369166808819746,4,2,MovementCoop
337,5.9177917,NaN,NaN,1.7072654080258147,1.3824109157413467,4,2,MovementCoop
338,5.9194583,NaN,NaN,1.6888255004853114,1.3621200268270257,4,2,MovementCoop
339,5.921125,NaN,NaN,1.6065620140253756,1.2570771196900143,4,2,MovementCoop
340,5.9227917,NaN,NaN,1.4895752510947646,1.0530149876110686,4,2,MovementCoop
341,5.9244583,NaN,NaN,1.3503484802493881,0.8257128261773952,4,2,MovementCoop
342,5.926125,NaN,NaN,1.1968547182667608,0.6352992978006549,4,2,MovementCoop
343,5.9277917,NaN,NaN,1.0610378095421453,0.49799529068076925,4,2,MovementCoop
344,5.9294583,NaN,NaN,0.9555656688479622,0.40382259833514556,4,2,MovementCoop
345,5.931125,NaN,NaN,0.8728351101668809,0.34297478003284804,4,2,MovementCoop
346,5.9327917,NaN,NaN,0.7851263955260998,0.29345133067509616,4,2,MovementCoop
347,5.9344583,NaN,NaN,0.6868277578964332,0.1910174373635488,4,2,MovementCoop
348,5.936125,NaN,NaN,0.5688239481406077,0.05322942898393296,4,2,MovementCoop
349,5.9377917,NaN,NaN,0.4518799577499464,-0.06141950135893645,4,2,MovementCoop
350,5.9394583,NaN,NaN,0.35793805077988466,-0.13449626602377412,4,2,MovementCoop
351,5.941125,NaN,NaN,0.2807182983157275,-0.17420057514141038,4,2,MovementCoop
352,5.9427917,NaN,NaN,0.21980281166338825,-0.200991316267285,4,2,MovementCoop
353,5.9444583,NaN,NaN,0.162725989185632,-0.24363158818288755,4,2,MovementCoop
354,5.946125,NaN,NaN,0.08797686476132344,-0.3361746719763293,4,2,MovementCoop
355,5.9477917,NaN,NaN,-0.020840734549531302,-0.44187884465722493,4,2,MovementCoop
356,5.9494583,NaN,NaN,-0.15242350439094304,-0.518543724154188,4,2,MovementCoop
357,5.951125,NaN,NaN,-0.2712922101405142,-0.5594838628616668,4,2,MovementCoop
358,5.9527917,NaN,NaN,-0.35742519223975644,-0.5720546817499954,4,2,MovementCoop
359,5.9544583,NaN,NaN,-0.4105037120700276,-0.5528292548514251,4,2,MovementCoop
360,5.956125,NaN,NaN,-0.4387982366351757,-0.4522896023629276,4,2,MovementCoop
361,5.9577917,NaN,NaN,-0.45365861112127276,-0.2523024841531747,4,2,MovementCoop
362,5.9594583,NaN,NaN,-0.5113148204416675,0.012262992947119961,4,2,MovementCoop
363,5.961125,NaN,NaN,-0.6629671609589713,0.26929618323731,4,2,MovementCoop
364,5.9627917,NaN,NaN,-0.8315456330376841,0.5092972018509523,4,2,MovementCoop
365,5.9644583,NaN,NaN,-0.9158591182687398,0.753102929663782,4,2,MovementCoop
366,5.966125,NaN,NaN,-0.812542145897567,0.9990199780444277,4,2,MovementCoop
367,5.9677917,NaN,NaN,-0.5524815304677386,1.2166892756096581,4,2,MovementCoop
368,5.9694583,NaN,NaN,-0.2071229273055147,1.3834715022467277,4,2,MovementCoop
369,5.971125,NaN,NaN,0.17263708162343705,1.4973251738216449,4,2,MovementCoop
370,5.9727917,NaN,NaN,0.5583500101856823,1.558478997410741,4,2,MovementCoop
371,5.9744583,NaN,NaN,0.9342475706672643,1.5578577139496652,4,2,MovementCoop
372,5.976125,NaN,NaN,1.2785534505950935,1.4919526946386494,4,2,MovementCoop
373,5.9777917,NaN,NaN,1.5321969126227906,1.372395472819972,4,2,MovementCoop
374,5.9794583,NaN,NaN,1.6824987371075364,1.178702819608562,4,2,MovementCoop
375,5.981125,NaN,NaN,1.7398415421420745,0.9486966696972009,4,2,MovementCoop
376,5.9827917,NaN,NaN,1.708549954511631,0.7521544146969137,4,2,MovementCoop
377,5.9844583,NaN,NaN,1.6002626074551887,0.6130866754007981,4,2,MovementCoop
378,5.986125,NaN,NaN,1.454530446491972,0.5271873546859139,4,2,MovementCoop
379,5.9877917,NaN,NaN,1.291963669584859,0.48202904466434604,4,2,MovementCoop
380,5.9894583,NaN,NaN,1.137678077285998,0.4586229002237685,4,2,MovementCoop
381,5.991125,NaN,NaN,1.0062729064691607,0.41313453336350414,4,2,MovementCoop
382,5.9927917,NaN,NaN,0.8886899706762281,0.3105524911855972,4,2,MovementCoop
383,5.9944583,NaN,NaN,0.7777829768337733,0.20027177906733235,4,2,MovementCoop
384,5.996125,NaN,NaN,0.6748843825450161,0.116021655879429,4,2,MovementCoop
385,5.9977917,NaN,NaN,0.5589129535804683,0.06167507347736348,4,2,MovementCoop
386,5.9994583,NaN,NaN,0.42931954729622024,0.03369015106642395,4,2,MovementCoop
387,6.001125,NaN,NaN,0.3190219887398013,0.02463727733200272,4,2,MovementCoop
388,6.0027917,NaN,NaN,0.2586547638323798,-1.1082779338884891e-4,4,2,MovementCoop
389,6.0044583,NaN,NaN,0.26319065955921145,-0.07929854846225369,4,2,MovementCoop
390,6.006125,NaN,NaN,0.3121594430194967,-0.1522205066172998,4,2,MovementCoop
391,6.0077917,NaN,NaN,0.31005345822354535,-0.13993934230714497,4,2,MovementCoop
392,6.0094583,NaN,NaN,0.039039304276424935,-0.0011434942141268316,4,2,MovementCoop
393,6.011125,NaN,NaN,-0.4764478595576138,0.20818662319703837,4,2,MovementCoop
394,6.0127917,NaN,NaN,-0.8624219257321845,0.4657525915839855,4,2,MovementCoop
395,6.0144583,NaN,NaN,-0.92729338294155494,0.7583401550895682,4,2,MovementCoop
396,6.016125,NaN,NaN,-0.797535591117614,1.036031259527154,4,2,MovementCoop
397,6.0177917,NaN,NaN,-0.610615970063179,1.274986542744268,4,2,MovementCoop
398,6.0194583,NaN,NaN,-0.45099433211966033,1.4607029189464253,4,2,MovementCoop
399,6.021125,NaN,NaN,-0.34756205985818805,1.5855219248538206,4,2,MovementCoop
400,6.0227917,NaN,NaN,-0.33097355730491856,1.653997779773884,4,2,MovementCoop
401,6.0244583,NaN,NaN,-0.4655301442660007,1.661956670119114,4,2,MovementCoop
402,6.026125,NaN,NaN,-0.68681847994679,1.5997774680192829,4,2,MovementCoop
403,6.0277917,NaN,NaN,-0.9081931437288053,1.4604484940962272,4,2,MovementCoop
404,6.0294583,NaN,NaN,-1.0812083125200727,1.24260004144713,4,2,MovementCoop
405,6.031125,NaN,NaN,-1.1898229624909136,0.9970084134614416,4,2,MovementCoop
406,6.0327917,NaN,NaN,-1.2452747220835734,0.782581801180867,4,2,MovementCoop
407,6.0344583,NaN,NaN,-1.26966348733424,0.6253896961965181,4,2,MovementCoop
408,6.036125,NaN,NaN,-1.2695950219070204,0.5239483640673631,4,2,MovementCoop
409,6.0377917,NaN,NaN,-1.2516537521348796,0.46793041614168795,4,2,MovementCoop
410,6.0394583,NaN,NaN,-1.2207531857792637,0.4335629942569043,4,2,MovementCoop
411,6.041125,NaN,NaN,-1.159120940980351,0.36720273412622895,4,2,MovementCoop
412,6.0427917,NaN,NaN,-0.9792414646707948,0.2626859184647694,4,2,MovementCoop
413,6.0444583,NaN,NaN,-0.691991950788572,0.16805581196648345,4,2,MovementCoop
414,6.046125,NaN,NaN,-0.3609899947054615,0.10538304594170964,4,2,MovementCoop
415,6.0477917,NaN,NaN,-0.03234522644755012,0.0756452580195543,4,2,MovementCoop
416,6.0494583,NaN,NaN,0.23723961994605197,0.07716651867710182,4,2,MovementCoop
417,6.051125,NaN,NaN,0.43752942802494477,0.11651232202703457,4,2,MovementCoop
418,6.0527917,NaN,NaN,0.581478257917484,0.19682059870327184,4,2,MovementCoop
419,6.0544583,NaN,NaN,0.6735370475365962,0.29460587761063284,4,2,MovementCoop
420,6.056125,NaN,NaN,0.723261593393272,0.39968652829745993,4,2,MovementCoop
421,6.0577917,NaN,NaN,0.7463302336266081,0.530779729250725,4,2,MovementCoop
422,6.0594583,NaN,NaN,0.7548520994150354,0.7190694766170999,4,2,MovementCoop
423,6.061125,NaN,NaN,0.7580047879689354,0.9505316147514902,4,2,MovementCoop
424,6.0627917,NaN,NaN,0.7628583945989185,1.196084484965295,4,2,MovementCoop
425,6.0644583,NaN,NaN,0.7638775947327804,1.4209697552109548,4,2,MovementCoop
426,6.066125,NaN,NaN,0.7628475791168488,1.5937970351509625,4,2,MovementCoop
427,6.0677917,NaN,NaN,0.7615447784463628,1.7002749940697421,4,2,MovementCoop
428,6.0694583,NaN,NaN,0.7615507000451431,1.7412257313978314,4,2,MovementCoop
429,6.071125,NaN,NaN,0.762387994537136,1.7083889155025076,4,2,MovementCoop
430,6.0727917,NaN,NaN,0.7639073984820132,1.5976393430110989,4,2,MovementCoop
431,6.0744583,NaN,NaN,0.7543888933616885,1.4350331032945336,4,2,MovementCoop
432,6.076125,NaN,NaN,0.7053293283663838,1.2315063355786182,4,2,MovementCoop
433,6.0777917,NaN,NaN,0.6327542626545829,1.0076512251763,4,2,MovementCoop
434,6.0794583,NaN,NaN,0.5672180692780058,0.7949736388519691,4,2,MovementCoop
435,6.081125,NaN,NaN,0.5196310248256653,0.6281646077745313,4,2,MovementCoop
436,6.0827917,NaN,NaN,0.46432857761216695,0.517251455752443,4,2,MovementCoop
437,6.0844583,NaN,NaN,0.3724593280928553,0.4490161887957928,4,2,MovementCoop
438,6.086125,NaN,NaN,0.27234554915112985,0.4001615464474451,4,2,MovementCoop
439,6.0877917,NaN,NaN,0.18827245146725222,0.36106763239254036,4,2,MovementCoop
440,6.0894583,NaN,NaN,0.09002877214692633,0.3189976285679937,4,2,MovementCoop
441,6.091125,NaN,NaN,-0.03489763127716556,0.22234690193254333,4,2,MovementCoop
442,6.0927917,NaN,NaN,-0.14774304335174085,0.08284152581409132,4,2,MovementCoop
443,6.0944583,NaN,NaN,-0.23031827017721482,-0.03424621740234705,4,2,MovementCoop
444,6.096125,NaN,NaN,-0.29101544069601143,-0.10401553870348805,4,2,MovementCoop
445,6.0977917,NaN,NaN,-0.35824795189837966,-0.115925338359006,4,2,MovementCoop
446,6.0994583,NaN,NaN,-0.48449604638245475,-0.03876513453736786,4,2,MovementCoop
447,6.101125,NaN,NaN,-0.6691072226892537,0.12345025297196856,4,2,MovementCoop
448,6.1027917,NaN,NaN,-0.8791564128239784,0.3066507064456166,4,2,MovementCoop
449,6.1044583,NaN,NaN,-1.063066980799059,0.5149744547653781,4,2,MovementCoop
450,6.106125,NaN,NaN,-1.1660957034444828,0.779767479831069,4,2,MovementCoop
451,6.1077917,NaN,NaN,-1.156125003508212,1.0633904069221454,4,2,MovementCoop
452,6.1094583,NaN,NaN,-0.9529321928008472,1.3127693574429988,4,2,MovementCoop
453,6.111125,NaN,NaN,-0.6110099766068131,1.4999163663164856,4,2,MovementCoop
454,6.1127917,NaN,NaN,-0.2154593638561046,1.6143508249141925,4,2,MovementCoop
455,6.1144583,NaN,NaN,0.14269077357043194,1.6321236902114349,4,2,MovementCoop
456,6.116125,NaN,NaN,0.466836154470851,1.5402463997389666,4,2,MovementCoop
457,6.1177917,NaN,NaN,0.8002019540604342,1.3544126635546565,4,2,MovementCoop
458,6.1194583,NaN,NaN,1.1324597784732846,1.1081487512267592,4,2,MovementCoop
459,6.121125,NaN,NaN,1.3730288887213715,0.8703942344937088,4,2,MovementCoop
460,6.1227917,NaN,NaN,1.4713649645582025,0.6850777515640721,4,2,MovementCoop
461,6.1244583,NaN,NaN,1.4600785930383946,0.5584194539363818,4,2,MovementCoop
462,6.126125,NaN,NaN,1.3534088212256161,0.46503836191482223,4,2,MovementCoop
463,6.1277917,NaN,NaN,1.195422425444436,0.389036979250293,4,2,MovementCoop
464,6.1294583,NaN,NaN,1.0251552699978637,0.33680128274944277,4,2,MovementCoop
465,6.131125,NaN,NaN,0.8569216698745589,0.3036457113470371,4,2,MovementCoop
466,6.1327917,NaN,NaN,0.7160241762129951,0.28144439027879503,4,2,MovementCoop
467,6.1344583,NaN,NaN,0.598580275644316,0.2579457342967305,4,2,MovementCoop
468,6.136125,NaN,NaN,0.46507954400293383,0.21457375911462181,4,2,MovementCoop
469,6.1377917,NaN,NaN,0.32564253193144227,0.09706816365061605,4,2,MovementCoop
470,6.1394583,NaN,NaN,0.20628409528109537,-0.075095626701401,4,2,MovementCoop
471,6.141125,NaN,NaN,0.10157951124203046,-0.22116515671051698,4,2,MovementCoop
472,6.1427917,NaN,NaN,0.0023814757414278667,-0.31395141473364535,4,2,MovementCoop
473,6.1444583,NaN,NaN,-0.08892023013280559,-0.3590015434827758,4,2,MovementCoop
474,6.146125,NaN,NaN,-0.15601390186625197,-0.36638345013797124,4,2,MovementCoop
475,6.1477917,NaN,NaN,-0.19655463528076875,-0.3397562016094562,4,2,MovementCoop
476,6.1494583,NaN,NaN,-0.23112316716183154,-0.2604936241075305,4,2,MovementCoop
477,6.151125,NaN,NaN,-0.29200405405931434,-0.07517985784414735,4,2,MovementCoop
478,6.1527917,NaN,NaN,-0.4563110958641576,0.1675206649367533,4,2,MovementCoop
479,6.1544583,NaN,NaN,-0.6821290141623352,0.4398240044158902,4,2,MovementCoop
480,6.156125,NaN,NaN,-0.9083125544810681,0.7321396115183854,4,2,MovementCoop
481,6.1577917,NaN,NaN,-1.08666557965381,1.0240577884590965,4,2,MovementCoop
482,6.1594583,NaN,NaN,-1.1955355924546949,1.2845991946157846,4,2,MovementCoop
483,6.161125,NaN,NaN,-1.23118537890973,1.4860054413208386,4,2,MovementCoop
484,6.1627917,NaN,NaN,-1.136781342540645,1.628104473044868,4,2,MovementCoop
485,6.1644583,NaN,NaN,-0.8662154193640058,1.7124563082173037,4,2,MovementCoop
486,6.166125,NaN,NaN,-0.5144884058772137,1.7382098696342378,4,2,MovementCoop
487,6.1677917,NaN,NaN,-0.14588351451824644,1.69122146833542,4,2,MovementCoop
488,6.1694583,NaN,NaN,0.20508328313836172,1.5736053951104372,4,2,MovementCoop
489,6.171125,NaN,NaN,0.5492877128656004,1.3889107751973435,4,2,MovementCoop
490,6.1727917,NaN,NaN,0.8880953638565593,1.1273677523040846,4,2,MovementCoop
491,6.1744583,NaN,NaN,1.1924666667541037,0.8647274135776966,4,2,MovementCoop
492,6.176125,NaN,NaN,1.3806113246735552,0.6561401848535587,4,2,MovementCoop
493,6.1777917,NaN,NaN,1.4327193874475272,0.5099029822032745,4,2,MovementCoop
494,6.1794583,NaN,NaN,1.3661437821991027,0.41460964691695823,4,2,MovementCoop
495,6.181125,NaN,NaN,1.2300221803008855,0.34991430475531743,4,2,MovementCoop
496,6.1827917,NaN,NaN,1.0784892015970116,0.29131574122208204,4,2,MovementCoop
497,6.1844583,NaN,NaN,0.9171156513135337,0.1612444414467476,4,2,MovementCoop
498,6.186125,NaN,NaN,0.7240323310725283,-0.020022042676558875,4,2,MovementCoop
499,6.1877917,NaN,NaN,0.5009670753081706,-0.17957064192477282,4,2,MovementCoop
500,6.1894583,NaN,NaN,0.3031969319796868,-0.2964792517906746,4,2,MovementCoop
501,6.191125,NaN,NaN,0.14102274239005397,-0.37289208985929956,4,2,MovementCoop
502,6.1927917,NaN,NaN,-0.006120912391507416,-0.41644541519160766,4,2,MovementCoop
503,6.1944583,NaN,NaN,-0.2129893230822507,-0.44055453143639384,4,2,MovementCoop
504,6.196125,NaN,NaN,-0.5009754642772023,-0.48554491526127647,4,2,MovementCoop
505,6.1977917,NaN,NaN,-0.7676164441168654,-0.553147633647453,4,2,MovementCoop
506,6.1994583,NaN,NaN,-0.9610387636533314,-0.6007622373843761,4,2,MovementCoop
507,6.201125,NaN,NaN,-1.0830828166364326,-0.5878930053858722,4,2,MovementCoop
508,6.2027917,NaN,NaN,-1.19115806279111,-0.4232194478503549,4,2,MovementCoop
509,6.2044583,NaN,NaN,-1.3428628167984438,-0.1301961745443649,4,2,MovementCoop
510,6.206125,NaN,NaN,-1.507705885639981,0.1873075579277181,4,2,MovementCoop
511,6.2077917,NaN,NaN,-1.6594700513904488,0.5023110229133555,4,2,MovementCoop
512,6.2094583,NaN,NaN,-1.75791687580612,0.7980047863910161,4,2,MovementCoop
513,6.211125,NaN,NaN,-1.7014761602783273,1.0667487135225515,4,2,MovementCoop
514,6.2127917,NaN,NaN,-1.3701486141399692,1.2978223321604694,4,2,MovementCoop
515,6.2144583,NaN,NaN,-0.9044041524696103,1.4845421362100333,4,2,MovementCoop
516,6.216125,NaN,NaN,-0.3962394615074191,1.6277751406505059,4,2,MovementCoop
517,6.2177917,NaN,NaN,0.09046036371422339,1.7222613725040044,4,2,MovementCoop
518,6.2194583,NaN,NaN,0.5379337568175653,1.7487207600358243,4,2,MovementCoop
519,6.221125,NaN,NaN,0.9267221973942359,1.6769550585049438,4,2,MovementCoop
520,6.2227917,NaN,NaN,1.2566886567121305,1.519782658406487,4,2,MovementCoop
521,6.2244583,NaN,NaN,1.484443378260943,1.2864074801185725,4,2,MovementCoop
522,6.226125,NaN,NaN,1.5734541105508837,1.0183361271069795,4,2,MovementCoop
523,6.2277917,NaN,NaN,1.546350365667726,0.7835193045938543,4,2,MovementCoop
524,6.2294583,NaN,NaN,1.431743938630273,0.611921551577981,4,2,MovementCoop
525,6.231125,NaN,NaN,1.2612198543110043,0.49256304484019586,4,2,MovementCoop
526,6.2327917,NaN,NaN,1.0718969939896166,0.35411456056102,4,2,MovementCoop
527,6.2344583,NaN,NaN,0.8585377769532357,0.18380103001651887,4,2,MovementCoop
528,6.236125,NaN,NaN,0.6105161633543004,0.029118182872804023,4,2,MovementCoop
529,6.2377917,NaN,NaN,0.3775564054164889,-0.09105780134066559,4,2,MovementCoop
530,6.2394583,NaN,NaN,0.19548280547293842,-0.1782485092813879,4,2,MovementCoop
531,6.241125,NaN,NaN,0.0675112810496487,-0.2430545537817495,4,2,MovementCoop
532,6.2427917,NaN,NaN,-0.033160792097737875,-0.30040569661579397,4,2,MovementCoop
533,6.2444583,NaN,NaN,-0.12672655519817205,-0.3834157015033959,4,2,MovementCoop
534,6.246125,NaN,NaN,-0.3046362434837223,-0.47931036180937836,4,2,MovementCoop
535,6.2477917,NaN,NaN,-0.6537734139337347,-0.5556923023271464,4,2,MovementCoop
536,6.2494583,NaN,NaN,-1.0547826641055018,-0.60414700069187,4,2,MovementCoop
537,6.251125,NaN,NaN,-1.3997262170259468,-0.6299009533087446,4,2,MovementCoop
538,6.2527917,NaN,NaN,-1.6616255133464566,-0.6386093320288873,4,2,MovementCoop
539,6.2544583,NaN,NaN,-1.7673781224919585,-0.6197090429919836,4,2,MovementCoop
540,6.256125,NaN,NaN,-1.7209139306215506,-0.5297482337836276,4,2,MovementCoop
541,6.2577917,NaN,NaN,-1.3585606325930324,-0.30210803937913727,4,2,MovementCoop
542,6.2594583,NaN,NaN,-0.8555248781346891,3.6196631249012234e-4,4,2,MovementCoop
543,6.261125,NaN,NaN,-0.31242167771475243,0.3075059129822302,4,2,MovementCoop
544,6.2627917,NaN,NaN,0.20417806154631116,0.6166482610814024,4,2,MovementCoop
545,6.2644583,NaN,NaN,0.7060086483057931,0.9089042464151866,4,2,MovementCoop
546,6.266125,NaN,NaN,1.1679811004919716,1.1602448473043943,4,2,MovementCoop
547,6.2677917,NaN,NaN,1.5319007348061129,1.350269711295795,4,2,MovementCoop
548,6.2694583,NaN,NaN,1.758891227540444,1.4845577842076536,4,2,MovementCoop
549,6.271125,NaN,NaN,1.8367965151757881,1.5732648338288937,4,2,MovementCoop
550,6.2727917,NaN,NaN,1.7871629466094632,1.6166405761215408,4,2,MovementCoop
551,6.2744583,NaN,NaN,1.646792475239341,1.5919002225505259,4,2,MovementCoop
552,6.276125,NaN,NaN,1.4796241756304847,1.4957490002835592,4,2,MovementCoop
553,6.2777917,NaN,NaN,1.2832831441001875,1.3178745891110797,4,2,MovementCoop
554,6.2794583,NaN,NaN,1.0870634319366361,1.0660721549587706,4,2,MovementCoop
555,6.281125,NaN,NaN,0.9123978499448329,0.8242406828457116,4,2,MovementCoop
556,6.2827917,NaN,NaN,0.7491020801829227,0.6217354540855599,4,2,MovementCoop
557,6.2844583,NaN,NaN,0.5799803870590804,0.44852349420405124,4,2,MovementCoop
558,6.286125,NaN,NaN,0.4229616588207243,0.2792603354998178,4,2,MovementCoop
559,6.2877917,NaN,NaN,0.3066213778726503,0.11682173220220411,4,2,MovementCoop
560,6.2894583,NaN,NaN,0.2200642918475438,-0.04597702859619524,4,2,MovementCoop
561,6.291125,NaN,NaN,0.14148717191422328,-0.22462734138401516,4,2,MovementCoop
562,6.2927917,NaN,NaN,0.06673334936195688,-0.38143696149319595,4,2,MovementCoop
563,6.2944583,NaN,NaN,-0.025857454309552032,-0.49043305269570475,4,2,MovementCoop
564,6.296125,NaN,NaN,-0.20021393863279321,-0.5570895163813357,4,2,MovementCoop
565,6.2977917,NaN,NaN,-0.5216080762255462,-0.5977665658843787,4,2,MovementCoop
566,6.2994583,NaN,NaN,-0.9213255859030615,-0.6273540750738317,4,2,MovementCoop
567,6.301125,NaN,NaN,-1.2800852075544669,-0.7133686083005285,4,2,MovementCoop
568,6.3027917,NaN,NaN,-1.5574539221364463,-0.8741090867670464,4,2,MovementCoop
569,6.3044583,NaN,NaN,-1.7416212721677244,-1.029397737445302,4,2,MovementCoop
570,6.306125,NaN,NaN,-1.7674872071504804,-1.135462205271407,4,2,MovementCoop
571,6.3077917,NaN,NaN,-1.7674872071504804,-1.187396721284725,4,2,MovementCoop
572,6.3094583,NaN,NaN,-1.7674872071504804,-1.1867865363108503,4,2,MovementCoop
573,6.311125,NaN,NaN,-1.7619387669710602,-1.1052246739141374,4,2,MovementCoop
574,6.3127917,NaN,NaN,-1.5019885086094091,-0.9302376182225716,4,2,MovementCoop
575,6.3144583,NaN,NaN,-1.045672064157353,-0.6180509222668042,4,2,MovementCoop
576,6.316125,NaN,NaN,-0.5444242899588122,-0.22175098586587313,4,2,MovementCoop
577,6.3177917,NaN,NaN,-0.06054363514489332,0.13817154139993737,4,2,MovementCoop
578,6.3194583,NaN,NaN,0.36578617565585264,0.43656755468888325,4,2,MovementCoop
579,6.321125,NaN,NaN,0.7630409853844482,0.7020169987658623,4,2,MovementCoop
580,6.3227917,NaN,NaN,1.1208060231349375,0.9349196220145283,4,2,MovementCoop
581,6.3244583,NaN,NaN,1.4018279237148297,1.1170493467621154,4,2,MovementCoop
582,6.326125,NaN,NaN,1.563803274826412,1.251365890336311,4,2,MovementCoop
583,6.3277917,NaN,NaN,1.596956055210668,1.3403916954646329,4,2,MovementCoop
584,6.3294583,NaN,NaN,1.5345427955775912,1.3709410059300449,4,2,MovementCoop
585,6.331125,NaN,NaN,1.4026239627706925,1.3120557797737362,4,2,MovementCoop
586,6.3327917,NaN,NaN,1.219061496713991,1.1467584466886334,4,2,MovementCoop
587,6.3344583,NaN,NaN,1.0286217543482836,0.9379305575566489,4,2,MovementCoop
588,6.336125,NaN,NaN,0.8494574212038157,0.7270126465202762,4,2,MovementCoop
589,6.3377917,NaN,NaN,0.6815780403530016,0.49768392450589716,4,2,MovementCoop
590,6.3394583,NaN,NaN,0.4958592803801332,0.24042265740594673,4,2,MovementCoop
591,6.341125,NaN,NaN,0.2938504957958191,-0.013871213256373116,4,2,MovementCoop
592,6.3427917,NaN,NaN,0.11998687445865898,-0.23477275686340232,4,2,MovementCoop
593,6.3444583,NaN,NaN,-0.0034384770828911524,-0.4019822100577249,4,2,MovementCoop
594,6.346125,NaN,NaN,-0.07759069456238481,-0.537543588064838,4,2,MovementCoop
595,6.3477917,NaN,NaN,-0.13232574494730376,-0.7118187943939898,4,2,MovementCoop
596,6.3494583,NaN,NaN,-0.19443117932147402,-0.8963035929874359,4,2,MovementCoop
597,6.351125,NaN,NaN,-0.30410882968161773,-1.0543778676020756,4,2,MovementCoop
598,6.3527917,NaN,NaN,-0.5297026081251383,-1.1951302297531181,4,2,MovementCoop
599,6.3544583,NaN,NaN,-0.8619021463880114,-1.3105973909937796,4,2,MovementCoop
600,6.356125,NaN,NaN,-1.2241344676216142,-1.3911401051010321,4,2,MovementCoop
601,6.3577917,NaN,NaN,-1.5235459176829613,-1.45421288030942,4,2,MovementCoop
602,6.3594583,NaN,NaN,-1.7309592133391525,-1.5560964929490944,4,2,MovementCoop
603,6.361125,NaN,NaN,-1.7674872071504804,-1.667151128949667,4,2,MovementCoop
604,6.3627917,NaN,NaN,-1.7674872071504804,-1.7309423645821305,4,2,MovementCoop
605,6.3644583,NaN,NaN,-1.7674872071504804,-1.7154199856093186,4,2,MovementCoop
606,6.366125,NaN,NaN,-1.7674872071504804,-1.5289918428487344,4,2,MovementCoop
607,6.3677917,NaN,NaN,-1.7674872071504804,-1.124799384404036,4,2,MovementCoop
608,6.3694583,NaN,NaN,-1.6903452674306254,-0.5910699700947443,4,2,MovementCoop
609,6.371125,NaN,NaN,-1.3352669226672143,-0.09982170871903054,4,2,MovementCoop
610,6.3727917,NaN,NaN,-0.9192014448001062,0.2745779619896542,4,2,MovementCoop
611,6.3744583,NaN,NaN,-0.498213699120464,0.5609021246699478,4,2,MovementCoop
612,6.376125,NaN,NaN,-0.08722821892430929,0.7973479327131274,4,2,MovementCoop
613,6.3777917,NaN,NaN,0.3483003306626286,0.9891571755442852,4,2,MovementCoop
614,6.3794583,NaN,NaN,0.7737984259983316,1.1311235615107083,4,2,MovementCoop
615,6.381125,NaN,NaN,1.1051436879941974,1.2206026514589872,4,2,MovementCoop
616,6.3827917,NaN,NaN,1.267193670825944,1.2285013404800387,4,2,MovementCoop
617,6.3844583,NaN,NaN,1.2509595343616637,1.1167997756889572,4,2,MovementCoop
618,6.386125,NaN,NaN,1.0779667795558623,0.9315696465239662,4,2,MovementCoop
619,6.3877917,NaN,NaN,0.8308410891707274,0.7429132578800139,4,2,MovementCoop
620,6.3894583,NaN,NaN,0.5671092782524811,0.5689498318905603,4,2,MovementCoop
621,6.391125,NaN,NaN,0.3265537729999389,0.37892214256625567,4,2,MovementCoop
622,6.3927917,NaN,NaN,0.11722388583109829,0.15614572977767516,4,2,MovementCoop
623,6.3944583,NaN,NaN,-0.05221449048040475,-0.09693658018000044,4,2,MovementCoop
624,6.396125,NaN,NaN,-0.19458489619559585,-0.35585328227264973,4,2,MovementCoop
625,6.3977917,NaN,NaN,-0.3255704654591953,-0.5961946477323125,4,2,MovementCoop
626,6.3994583,NaN,NaN,-0.5265021552703332,-0.8000109776597489,4,2,MovementCoop
627,6.401125,NaN,NaN,-0.845781401199548,-0.967096524430692,4,2,MovementCoop
628,6.4027917,NaN,NaN,-1.205116200953963,-1.1015392589634754,4,2,MovementCoop
629,6.4044583,NaN,NaN,-1.5065033116992632,-1.2161574366443546,4,2,MovementCoop
630,6.406125,NaN,NaN,-1.721754748709512,-1.3432071660347413,4,2,MovementCoop
631,6.4077917,NaN,NaN,-1.7674872071504804,-1.4972555448304967,4,2,MovementCoop
632,6.4094583,NaN,NaN,-1.7674872071504804,-1.6249972344712111,4,2,MovementCoop
633,6.411125,NaN,NaN,-1.7674872071504804,-1.6948307705181425,4,2,MovementCoop
634,6.4127917,NaN,NaN,-1.7674872071504804,-1.7033111883396184,4,2,MovementCoop
635,6.4144583,NaN,NaN,-1.7674872071504804,-1.6143167516509704,4,2,MovementCoop
636,6.416125,NaN,NaN,-1.7674872071504804,-1.3611811225902921,4,2,MovementCoop
637,6.4177917,NaN,NaN,-1.7674872071504804,-0.9952757536787497,4,2,MovementCoop
638,6.4194583,NaN,NaN,-1.7674872071504804,-0.5536096966318528,4,2,MovementCoop
639,6.421125,NaN,NaN,-1.7374634289250033,-0.1232366044471661,4,2,MovementCoop
640,6.4227917,NaN,NaN,-1.440764364738004,0.22954143106067812,4,2,MovementCoop
641,6.4244583,NaN,NaN,-1.0292558752347052,0.5104135705700726,4,2,MovementCoop
642,6.426125,NaN,NaN,-0.6163342279927432,0.7461960049363551,4,2,MovementCoop
643,6.4277917,NaN,NaN,-0.23687480137542974,0.9493138962700046,4,2,MovementCoop
644,6.4294583,NaN,NaN,0.08601588572723869,1.0975431035062495,4,2,MovementCoop
645,6.431125,NaN,NaN,0.3349935194267692,1.1811368801272981,4,2,MovementCoop
646,6.4327917,NaN,NaN,0.4908188252861586,1.1914947678854853,4,2,MovementCoop
647,6.4344583,NaN,NaN,0.5613010218092239,1.0957236615607135,4,2,MovementCoop
648,6.436125,NaN,NaN,0.573362780197413,0.923816208591937,4,2,MovementCoop
649,6.4377917,NaN,NaN,0.532158485147679,0.7429285436554671,4,2,MovementCoop
650,6.4394583,NaN,NaN,0.4432671146711681,0.5674350187875877,4,2,MovementCoop
651,6.441125,NaN,NaN,0.3362913772751327,0.34647181772326824,4,2,MovementCoop
652,6.4427917,NaN,NaN,0.22496311795912155,0.06658739286366991,4,2,MovementCoop
653,6.4444583,NaN,NaN,0.09541434389047328,-0.20168774633915518,4,2,MovementCoop
654,6.446125,NaN,NaN,-0.033187561639331176,-0.4134232724956358,4,2,MovementCoop
655,6.4477917,NaN,NaN,-0.1479849969415715,-0.571818063741534,4,2,MovementCoop
656,6.4494583,NaN,NaN,-0.2442374040902509,-0.6968050443833851,4,2,MovementCoop
657,6.451125,NaN,NaN,-0.3110955332209758,-0.8471436142172546,4,2,MovementCoop
658,6.4527917,NaN,NaN,-0.3708068309511116,-1.0761390235372545,4,2,MovementCoop
659,6.4544583,NaN,NaN,-0.5021806809148965,-1.3038654775286274,4,2,MovementCoop
660,6.456125,NaN,NaN,-0.7303400776729141,-1.4748155483318839,4,2,MovementCoop
661,6.4577917,NaN,NaN,-1.0405702887057615,-1.5789588694723637,4,2,MovementCoop
662,6.4594583,NaN,NaN,-1.3530111646981215,-1.629513492895525,4,2,MovementCoop
663,6.461125,NaN,NaN,-1.60705602303322,-1.645203580731722,4,2,MovementCoop
664,6.4627917,NaN,NaN,-1.7571329246419822,-1.665201214579528,4,2,MovementCoop
665,6.4644583,NaN,NaN,-1.7674872071504804,-1.7395110921679546,4,2,MovementCoop
666,6.466125,NaN,NaN,-1.6255872504359046,-1.8245686085664092,4,2,MovementCoop
667,6.4677917,NaN,NaN,-1.2463501039975982,-1.8667908181455874,4,2,MovementCoop
668,6.4694583,NaN,NaN,-0.8324060755976362,-1.828696202605384,4,2,MovementCoop
669,6.471125,NaN,NaN,-0.4390583954708432,-1.622689096866659,4,2,MovementCoop
670,6.4727917,NaN,NaN,-0.08535513403410315,-1.2048800406704434,4,2,MovementCoop
671,6.4744583,NaN,NaN,0.23629147899755287,-0.6809069870521479,4,2,MovementCoop
672,6.476125,NaN,NaN,0.5862228288277781,-0.19630445120224882,4,2,MovementCoop
673,6.4777917,NaN,NaN,0.9516452768224453,0.18686557443937593,4,2,MovementCoop
674,6.4794583,NaN,NaN,1.2531102003120478,0.4765836863813222,4,2,MovementCoop
675,6.481125,NaN,NaN,1.4209071681682675,0.7029393612922633,4,2,MovementCoop
676,6.4827917,NaN,NaN,1.4307522421204977,0.9023137589729717,4,2,MovementCoop
677,6.4844583,NaN,NaN,1.30517514797424,1.0703985365230708,4,2,MovementCoop
678,6.486125,NaN,NaN,1.1173935183172004,1.1835531917598443,4,2,MovementCoop
679,6.4877917,NaN,NaN,0.9309454718565372,1.218163519829911,4,2,MovementCoop
680,6.4894583,NaN,NaN,0.7604630344840618,1.1452217553667658,4,2,MovementCoop
681,6.491125,NaN,NaN,0.611902160040707,0.9706729059107831,4,2,MovementCoop
682,6.4927917,NaN,NaN,0.4433061678598179,0.7642989270722939,4,2,MovementCoop
683,6.4944583,NaN,NaN,0.2519833731933613,0.5829754364243231,4,2,MovementCoop
684,6.496125,NaN,NaN,0.0823523246967524,0.42007463764144093,4,2,MovementCoop
685,6.4977917,NaN,NaN,-0.05726424395262929,0.20582718044473278,4,2,MovementCoop
686,6.4994583,NaN,NaN,-0.1670031657315569,-0.05934794554062905,4,2,MovementCoop
687,6.501125,NaN,NaN,-0.2460759871032664,-0.31312681597015496,4,2,MovementCoop
688,6.5027917,NaN,NaN,-0.3134926061949839,-0.5118449177951121,4,2,MovementCoop
689,6.5044583,NaN,NaN,-0.43780203775277415,-0.6446715329292176,4,2,MovementCoop
690,6.506125,NaN,NaN,-0.6505097810456627,-0.7206421911850859,4,2,MovementCoop
691,6.5077917,NaN,NaN,-0.8940510934319346,-0.7802174105804658,4,2,MovementCoop
692,6.5094583,NaN,NaN,-1.1024744865990694,-0.9150890068862533,4,2,MovementCoop
693,6.511125,NaN,NaN,-1.2403210355403207,-1.0962443243020206,4,2,MovementCoop
694,6.5127917,NaN,NaN,-1.311067795394014,-1.2320312073415074,4,2,MovementCoop
695,6.5144583,NaN,NaN,-1.334430362257715,-1.3101861746563142,4,2,MovementCoop
696,6.516125,NaN,NaN,-1.329721467756601,-1.3334375705426469,4,2,MovementCoop
697,6.5177917,NaN,NaN,-1.314673070274523,-1.313257036233766,4,2,MovementCoop
698,6.5194583,NaN,NaN,-1.3017750451098316,-1.2738446202272966,4,2,MovementCoop
699,6.521125,NaN,NaN,-1.2926840696336737,-1.2362516461663628,4,2,MovementCoop
700,6.5227917,NaN,NaN,-1.2842133449256212,-1.1113354415626377,4,2,MovementCoop
701,6.5244583,NaN,NaN,-1.2093457885257077,-0.7962149480281304,4,2,MovementCoop
702,6.526125,NaN,NaN,-0.9775971688243706,-0.36904750724395347,4,2,MovementCoop
703,6.5277917,NaN,NaN,-0.6632929467695504,0.04275712248759015,4,2,MovementCoop
704,6.5294583,NaN,NaN,-0.32936968493446533,0.40604664244137484,4,2,MovementCoop
705,6.531125,NaN,NaN,-0.030951644242044787,0.71572884645845,4,2,MovementCoop
706,6.5327917,NaN,NaN,0.21811863066815507,0.9557297201832254,4,2,MovementCoop
707,6.5344583,NaN,NaN,0.4510991876099467,1.1347336849617091,4,2,MovementCoop
708,6.536125,NaN,NaN,0.690537566124005,1.2696693386639775,4,2,MovementCoop
709,6.5377917,NaN,NaN,0.8994552904422076,1.3675338717815084,4,2,MovementCoop
710,6.5394583,NaN,NaN,1.0239541152832998,1.414080651814151,4,2,MovementCoop
711,6.541125,NaN,NaN,1.0590458032880055,1.389169329380247,4,2,MovementCoop
712,6.5427917,NaN,NaN,1.019351418049567,1.2788866612622796,4,2,MovementCoop
713,6.5444583,NaN,NaN,0.9448648504637378,1.0771705697154554,4,2,MovementCoop
714,6.546125,NaN,NaN,0.8708413421147568,0.8434901105850765,4,2,MovementCoop
715,6.5477917,NaN,NaN,0.8182868103682875,0.6394504362804935,4,2,MovementCoop
716,6.5494583,NaN,NaN,0.77296656371679,0.4886658240995212,4,2,MovementCoop
717,6.551125,NaN,NaN,0.7009307060658213,0.3752589897899858,4,2,MovementCoop
718,6.5527917,NaN,NaN,0.5915428225352464,0.2622326336448125,4,2,MovementCoop
719,6.5544583,NaN,NaN,0.45461030417596643,0.12665787515084523,4,2,MovementCoop
720,6.556125,NaN,NaN,0.29028246336714303,-0.08547316138993374,4,2,MovementCoop
721,6.5577917,NaN,NaN,0.14022063491891223,-0.31874894591518566,4,2,MovementCoop
722,6.5594583,NaN,NaN,0.028015881105759595,-0.5026323837738597,4,2,MovementCoop
723,6.561125,NaN,NaN,-0.042441111918365006,-0.6254903406016982,4,2,MovementCoop
724,6.5627917,NaN,NaN,-0.08067736463071011,-0.6961462368791269,4,2,MovementCoop
725,6.5644583,NaN,NaN,-0.1023244296461252,-0.7275753690507426,4,2,MovementCoop
726,6.566125,NaN,NaN,-0.1310681637584124,-0.7380193207958419,4,2,MovementCoop
727,6.5677917,NaN,NaN,-0.1750530164767163,-0.7791031517330246,4,2,MovementCoop
728,6.5694583,NaN,NaN,-0.2447737247599423,-0.8727228886134041,4,2,MovementCoop
729,6.571125,NaN,NaN,-0.39737322744908726,-0.9608730911993251,4,2,MovementCoop
730,6.5727917,NaN,NaN,-0.6057755769180774,-1.010826708358327,4,2,MovementCoop
731,6.5744583,NaN,NaN,-0.7908985066004547,-1.0198357532105247,4,2,MovementCoop
732,6.576125,NaN,NaN,-0.9227025778442155,-0.947824754828058,4,2,MovementCoop
733,6.5777917,NaN,NaN,-1.0104661529166714,-0.7120487268679123,4,2,MovementCoop
734,6.5794583,NaN,NaN,-1.0635868090820648,-0.34585147339364625,4,2,MovementCoop
735,6.581125,NaN,NaN,-1.090335355916074,0.017124622963357025,4,2,MovementCoop
736,6.5827917,NaN,NaN,-1.098051101249062,0.34175800332899703,4,2,MovementCoop
737,6.5844583,NaN,NaN,-1.0690111403812643,0.6383097986761749,4,2,MovementCoop
738,6.586125,NaN,NaN,-0.8974294389443114,0.9028754931097698,4,2,MovementCoop
739,6.5877917,NaN,NaN,-0.6060891280204328,1.1318156956276761,4,2,MovementCoop
740,6.5894583,NaN,NaN,-0.26659515883696067,1.3220242787022496,4,2,MovementCoop
741,6.591125,NaN,NaN,0.0650905706193525,1.464401786828375,4,2,MovementCoop
742,6.5927917,NaN,NaN,0.3871791013120463,1.550500112401885,4,2,MovementCoop
743,6.5944583,NaN,NaN,0.711285184329651,1.5739112555083687,4,2,MovementCoop
744,6.596125,NaN,NaN,1.0169425997556643,1.5159954807601892,4,2,MovementCoop
745,6.5977917,NaN,NaN,1.2604986427306373,1.3874180576465667,4,2,MovementCoop
746,6.5994583,NaN,NaN,1.4040279200087715,1.2020051511760377,4,2,MovementCoop
747,6.601125,NaN,NaN,1.423573208967864,0.9777940488278557,4,2,MovementCoop
748,6.6027917,NaN,NaN,1.3230924377182625,0.7573297001321191,4,2,MovementCoop
749,6.6044583,NaN,NaN,1.1726781517955251,0.5720686371940545,4,2,MovementCoop
750,6.606125,NaN,NaN,1.0024463301863027,0.4347653545185033,4,2,MovementCoop
751,6.6077917,NaN,NaN,0.8110553147867909,0.341335869615414,4,2,MovementCoop
752,6.6094583,NaN,NaN,0.595348208303461,0.27172111575743424,4,2,MovementCoop
753,6.611125,NaN,NaN,0.3704653642853996,0.21002142336246082,4,2,MovementCoop
754,6.6127917,NaN,NaN,0.18720470401115885,0.1521688201602301,4,2,MovementCoop
755,6.6144583,NaN,NaN,0.061541917968502606,0.05686642931973542,4,2,MovementCoop
756,6.616125,NaN,NaN,-0.02012534669027874,-0.11871078335763961,4,2,MovementCoop
757,6.6177917,NaN,NaN,-0.08508641090267914,-0.3032488218723227,4,2,MovementCoop
758,6.6194583,NaN,NaN,-0.15452802102190755,-0.44502262880136517,4,2,MovementCoop
759,6.621125,NaN,NaN,-0.2857403238983075,-0.5335596948040106,4,2,MovementCoop
760,6.6227917,NaN,NaN,-0.5203130078906576,-0.57803044195236,4,2,MovementCoop
761,6.6244583,NaN,NaN,-0.7673984216163202,-0.5944260226590489,4,2,MovementCoop
762,6.626125,NaN,NaN,-0.9558189966756311,-0.6160235411080013,4,2,MovementCoop
763,6.6277917,NaN,NaN,-1.072384885643349,-0.6620287193118953,4,2,MovementCoop
764,6.6294583,NaN,NaN,-1.1337691573759852,-0.6946339955535412,4,2,MovementCoop
765,6.631125,NaN,NaN,-1.1700311196916982,-0.6645225319993225,4,2,MovementCoop
766,6.6327917,NaN,NaN,-1.2113739605773568,-0.47592113592478524,4,2,MovementCoop
767,6.6344583,NaN,NaN,-1.2490596024808052,-0.16520463548721995,4,2,MovementCoop
768,6.636125,NaN,NaN,-1.229009166888575,0.16964306950288358,4,2,MovementCoop
769,6.6377917,NaN,NaN,-1.0322398716316177,0.4932883585076736,4,2,MovementCoop
770,6.6394583,NaN,NaN,-0.7052570171999724,0.7916200411397357,4,2,MovementCoop
771,6.641125,NaN,NaN,-0.3202550720020192,1.0558450294029205,4,2,MovementCoop
772,6.6427917,NaN,NaN,0.07633940605433018,1.2743898903905575,4,2,MovementCoop
773,6.6444583,NaN,NaN,0.4850968480052945,1.4386276511923473,4,2,MovementCoop
774,6.646125,NaN,NaN,0.886393124431988,1.5557901498196398,4,2,MovementCoop
775,6.6477917,NaN,NaN,1.2231867956328375,1.6264043470811875,4,2,MovementCoop
776,6.6494583,NaN,NaN,1.4423269123048874,1.6298603812222878,4,2,MovementCoop
777,6.651125,NaN,NaN,1.510085173389042,1.5483687247260096,4,2,MovementCoop
778,6.6527917,NaN,NaN,1.43921890490542,1.3940022424230734,4,2,MovementCoop
779,6.6544583,NaN,NaN,1.280202199875311,1.174468804696882,4,2,MovementCoop
780,6.656125,NaN,NaN,1.0957125386905893,0.9269998516633492,4,2,MovementCoop
781,6.6577917,NaN,NaN,0.8965475896857777,0.7100625326534719,4,2,MovementCoop
782,6.6594583,NaN,NaN,0.6948808386045637,0.5407994463936718,4,2,MovementCoop
783,6.661125,NaN,NaN,0.47403760160895037,0.3941172175888414,4,2,MovementCoop
784,6.6627917,NaN,NaN,0.2723384040815272,0.23755291606457668,4,2,MovementCoop
785,6.6644583,NaN,NaN,0.12450153073201446,0.06543776490516295,4,2,MovementCoop
786,6.666125,NaN,NaN,0.030849243775022704,-0.12638462659066185,4,2,MovementCoop
787,6.6677917,NaN,NaN,-0.02607547681009727,-0.31132716584383163,4,2,MovementCoop
788,6.6694583,NaN,NaN,-0.07984564916566717,-0.46185809210782686,4,2,MovementCoop
789,6.671125,NaN,NaN,-0.16004807667824872,-0.6128311518201415,4,2,MovementCoop
790,6.6727917,NaN,NaN,-0.31919765063966654,-0.8034289077675325,4,2,MovementCoop
791,6.6744583,NaN,NaN,-0.5246098374187994,-0.9940001267394036,4,2,MovementCoop
792,6.676125,NaN,NaN,-0.7051136753584242,-1.0940776706759527,4,2,MovementCoop
793,6.6777917,NaN,NaN,-0.8435008026478289,-0.9678018043145498,4,2,MovementCoop
794,6.6794583,NaN,NaN,-0.952139139013791,-0.6138658005379113,4,2,MovementCoop
795,6.681125,NaN,NaN,-1.0462996068115598,-0.20159705315294707,4,2,MovementCoop
796,6.6827917,NaN,NaN,-1.1550662607973714,0.16950397619070245,4,2,MovementCoop
797,6.6844583,NaN,NaN,-1.2688765019624626,0.5023263811332421,4,2,MovementCoop
798,6.686125,NaN,NaN,-1.3225048006414712,0.7922631303752732,4,2,MovementCoop
799,6.6877917,NaN,NaN,-1.1774089423835497,1.0274950594919388,4,2,MovementCoop
800,6.6894583,NaN,NaN,-0.8466356285277225,1.2118231830163217,4,2,MovementCoop
801,6.691125,NaN,NaN,-0.43214304474984533,1.3443730966369505,4,2,MovementCoop
802,6.6927917,NaN,NaN,-0.003220846093009067,1.4094849942908003,4,2,MovementCoop
803,6.6944583,NaN,NaN,0.419112913246565,1.3872235443428134,4,2,MovementCoop
804,6.696125,NaN,NaN,0.8503702283149649,1.2707087713947978,4,2,MovementCoop
805,6.6977917,NaN,NaN,1.2612931157438474,1.0738631191073154,4,2,MovementCoop
806,6.6994583,NaN,NaN,1.607183292508972,0.854402995147753,4,2,MovementCoop
807,6.701125,NaN,NaN,1.8291853031898626,0.6558397577881342,4,2,MovementCoop
808,6.7027917,NaN,NaN,1.9046547093567132,0.48485857934516374,4,2,MovementCoop
809,6.7044583,NaN,NaN,1.86356742705643,0.2891010424477649,4,2,MovementCoop
810,6.706125,NaN,NaN,1.7213982088832684,0.014626268009953883,4,2,MovementCoop
811,6.7077917,NaN,NaN,1.4883444883862995,-0.2610264094487309,4,2,MovementCoop
812,6.7094583,NaN,NaN,1.215593593137417,-0.47694920936844387,4,2,MovementCoop
813,6.711125,NaN,NaN,0.9571086613102946,-0.63346924009944094,4,2,MovementCoop
814,6.7127917,NaN,NaN,0.7152248093164955,-0.7508996160155966,4,2,MovementCoop
815,6.7144583,NaN,NaN,0.4653423944744105,-0.8520737561802285,4,2,MovementCoop
816,6.716125,NaN,NaN,0.24205319461072736,-0.9890721738443635,4,2,MovementCoop
817,6.7177917,NaN,NaN,0.07622621053384505,-1.193089643930101,4,2,MovementCoop
818,6.7194583,NaN,NaN,-0.03235393755980534,-1.3954688990649655,4,2,MovementCoop
819,6.721125,NaN,NaN,-0.11976368487043365,-1.5452811113493683,4,2,MovementCoop
820,6.7227917,NaN,NaN,-0.18937574894463377,-1.630603709174178,4,2,MovementCoop
821,6.7244583,NaN,NaN,-0.2443811374424622,-1.6379234947277093,4,2,MovementCoop
822,6.726125,NaN,NaN,-0.2977272548110008,-1.4721802733993026,4,2,MovementCoop
823,6.7277917,NaN,NaN,-0.3707918556682459,-1.101793488213703,4,2,MovementCoop
824,6.7294583,NaN,NaN,-0.5210390154766483,-0.616593983761164,4,2,MovementCoop
825,6.731125,NaN,NaN,-0.712157099005107,-0.1509228022368667,4,2,MovementCoop
826,6.7327917,NaN,NaN,-0.8674012072850409,0.2265167310762063,4,2,MovementCoop
827,6.7344583,NaN,NaN,-0.8519989331023025,0.5244588799897278,4,2,MovementCoop
828,6.736125,NaN,NaN,-0.6595111984576237,0.7700820937483909,4,2,MovementCoop
829,6.7377917,NaN,NaN,-0.371202550353897,0.9704230450598912,4,2,MovementCoop
830,6.7394583,NaN,NaN,-0.04118230725865127,1.1233832360211295,4,2,MovementCoop
831,6.741125,NaN,NaN,0.3027010837247992,1.2174429874950394,4,2,MovementCoop
832,6.7427917,NaN,NaN,0.6658038799790975,1.2489163991532548,4,2,MovementCoop
833,6.7444583,NaN,NaN,1.032541901679636,1.1970015590480558,4,2,MovementCoop
834,6.746125,NaN,NaN,1.365473418066113,1.0424780896578818,4,2,MovementCoop
835,6.7477917,NaN,NaN,1.6539177735534565,0.8451818329944794,4,2,MovementCoop
836,6.7494583,NaN,NaN,1.8513370254500863,0.6533567972768345,4,2,MovementCoop
837,6.751125,NaN,NaN,1.91283013714708,0.41879918094651347,4,2,MovementCoop
838,6.7527917,NaN,NaN,1.8704478354507412,0.11338185316975834,4,2,MovementCoop
839,6.7544583,NaN,NaN,1.7499778021500274,-0.18693711791564815,4,2,MovementCoop
840,6.756125,NaN,NaN,1.570392741859165,-0.4371387619113928,4,2,MovementCoop
841,6.7577917,NaN,NaN,1.3650639468512844,-0.6608547637881991,4,2,MovementCoop
842,6.7594583,NaN,NaN,1.154064560337079,-0.8758755082400229,4,2,MovementCoop
843,6.761125,NaN,NaN,0.9698540462551877,-1.094300987886437,4,2,MovementCoop
844,6.7627917,NaN,NaN,0.8286829355789105,-1.3432867100226449,4,2,MovementCoop
845,6.7644583,NaN,NaN,0.7030561685172647,-1.597805926339585,4,2,MovementCoop
846,6.766125,NaN,NaN,0.5264893128675081,-1.7987636116017416,4,2,MovementCoop
847,6.7677917,NaN,NaN,0.3166321587130615,-1.9308167737423565,4,2,MovementCoop
848,6.7694583,NaN,NaN,0.12994225654023359,-2.0062480911602436,4,2,MovementCoop
849,6.771125,NaN,NaN,-0.006737688502477499,-2.043075798448664,4,2,MovementCoop
850,6.7727917,NaN,NaN,-0.0988773250735315,-2.071677222988073,4,2,MovementCoop
851,6.7744583,NaN,NaN,-0.1719511264313608,-2.130649020242328,4,2,MovementCoop
852,6.776125,NaN,NaN,-0.2455220484537329,-2.17572351205442,4,2,MovementCoop
853,6.7777917,NaN,NaN,-0.38432300251409396,-2.0865163060647953,4,2,MovementCoop
854,6.7794583,NaN,NaN,-0.6157904686204518,-1.7670913399737673,4,2,MovementCoop
855,6.781125,NaN,NaN,-0.8552456820930258,-1.2503323881584076,4,2,MovementCoop
856,6.7827917,NaN,NaN,-1.0399686346941557,-0.6670738440219168,4,2,MovementCoop
857,6.7844583,NaN,NaN,-1.142897375303976,-0.1632547790726277,4,2,MovementCoop
858,6.786125,NaN,NaN,-1.0540164777377046,0.19607558014990173,4,2,MovementCoop
859,6.7877917,NaN,NaN,-0.8015456390849938,0.4329595321264519,4,2,MovementCoop
860,6.7894583,NaN,NaN,-0.4834669116655152,0.5947323710808654,4,2,MovementCoop
861,6.791125,NaN,NaN,-0.1431521403767356,0.71151258043296,4,2,MovementCoop
862,6.7927917,NaN,NaN,0.2064256753246593,0.7971363949675186,4,2,MovementCoop
863,6.7944583,NaN,NaN,0.6120620432077735,0.8252971400183872,4,2,MovementCoop
864,6.796125,NaN,NaN,1.0298567747352105,0.7513144939357533,4,2,MovementCoop
865,6.7977917,NaN,NaN,1.427657888655408,0.6095404479400806,4,2,MovementCoop
866,6.7994583,NaN,NaN,1.7574605496996045,0.4015634911231373,4,2,MovementCoop
867,6.801125,NaN,NaN,1.950772267473729,0.08693165159209713,4,2,MovementCoop
868,6.8027917,NaN,NaN,1.9887534020501947,-0.3123154165824351,4,2,MovementCoop
869,6.8044583,NaN,NaN,1.9268898233881893,-0.7294015059485937,4,2,MovementCoop
870,6.806125,NaN,NaN,1.8111260908304458,-1.1443895472915846,4,2,MovementCoop
871,6.8077917,NaN,NaN,1.6566910882747579,-1.5343752973633942,4,2,MovementCoop
872,6.8094583,NaN,NaN,1.4671893075803075,-1.8469465491633479,4,2,MovementCoop
873,6.811125,NaN,NaN,1.2205742449775945,-2.0609526939523084,4,2,MovementCoop
874,6.8127917,NaN,NaN,0.9491630013403678,-2.2018398751939596,4,2,MovementCoop
875,6.8144583,NaN,NaN,0.6880199078657446,-2.319579611066804,4,2,MovementCoop
876,6.816125,NaN,NaN,0.4467874806766049,-2.47091762627473,4,2,MovementCoop
877,6.8177917,NaN,NaN,0.23541150984327588,-2.733504573453682,4,2,MovementCoop
878,6.8194583,NaN,NaN,0.07264021755349662,-2.9648837989340144,4,2,MovementCoop
879,6.821125,NaN,NaN,-0.036980810576988044,-2.979598386251891,4,2,MovementCoop
880,6.8227917,NaN,NaN,-0.10513973388605019,-2.979598386251891,4,2,MovementCoop
881,6.8244583,NaN,NaN,-0.16165806640281377,-2.957477587171404,4,2,MovementCoop
882,6.826125,NaN,NaN,-0.2541737489658295,-2.590813236041948,4,2,MovementCoop
883,6.8277917,NaN,NaN,-0.4189449756006776,-2.0466399196844383,4,2,MovementCoop
884,6.8294583,NaN,NaN,-0.5987874541525654,-1.4739287415334092,4,2,MovementCoop
885,6.831125,NaN,NaN,-0.7739041543059906,-0.9012492143408557,4,2,MovementCoop
886,6.8327917,NaN,NaN,-0.9276817615194062,-0.38599130395616293,4,2,MovementCoop
887,6.8344583,NaN,NaN,-1.0534846105018065,0.019976861729610964,4,2,MovementCoop
888,6.836125,NaN,NaN,-1.1674534624243091,0.3093783118086016,4,2,MovementCoop
889,6.8377917,NaN,NaN,-1.2491741193497783,0.4901558612062614,4,2,MovementCoop
890,6.8394583,NaN,NaN,-1.1849868270242738,0.574772770560609,4,2,MovementCoop
891,6.841125,NaN,NaN,-0.9178993782121138,0.5772907217332544,4,2,MovementCoop
892,6.8427917,NaN,NaN,-0.5459056684305303,0.5078401994058551,4,2,MovementCoop
893,6.8444583,NaN,NaN,-0.14702315311986192,0.35131762587524473,4,2,MovementCoop
894,6.846125,NaN,NaN,0.2105853782430306,0.09513178190064132,4,2,MovementCoop
895,6.8477917,NaN,NaN,0.547631035494454,-0.2313216924104353,4,2,MovementCoop
896,6.8494583,NaN,NaN,0.9022674625968273,-0.6261889472665707,4,2,MovementCoop
897,6.851125,NaN,NaN,1.2361531883470824,-1.0256658327283763,4,2,MovementCoop
898,6.8527917,NaN,NaN,1.5101227584127048,-1.3459751157027022,4,2,MovementCoop
899,6.8544583,NaN,NaN,1.698900097563817,-1.573392318896659,4,2,MovementCoop
900,6.856125,NaN,NaN,1.7913638560251317,-1.716379367241201,4,2,MovementCoop
901,6.8577917,NaN,NaN,1.8076759520502128,-1.783332440170615,4,2,MovementCoop
902,6.8594583,NaN,NaN,1.7691229672113742,-1.8193176911427054,4,2,MovementCoop
903,6.861125,NaN,NaN,1.7015096140114205,-1.8583432900968877,4,2,MovementCoop
904,6.8627917,NaN,NaN,1.6260820505466946,-1.8899933212837998,4,2,MovementCoop
905,6.8644583,NaN,NaN,1.5352685584694175,-1.8987308443995103,4,2,MovementCoop
906,6.866125,NaN,NaN,1.426885633872332,-1.8325121406917526,4,2,MovementCoop
907,6.8677917,NaN,NaN,1.2805606768262636,-1.6193550663958942,4,2,MovementCoop
908,6.8694583,NaN,NaN,1.0882554840282816,-1.266179644192926,4,2,MovementCoop
909,6.871125,NaN,NaN,0.8909289712199869,-0.8394101340021904,4,2,MovementCoop
910,6.8727917,NaN,NaN,0.7132221833356175,-0.3930968858089352,4,2,MovementCoop
911,6.8744583,NaN,NaN,0.541546519339507,0.003275971202684491,4,2,MovementCoop
912,6.876125,NaN,NaN,0.40191228377145044,0.318966839683787,4,2,MovementCoop
913,6.8777917,NaN,NaN,0.29648932660432636,0.5516564762981756,4,2,MovementCoop
914,6.8794583,NaN,NaN,0.19244223578519978,0.7013920206386819,4,2,MovementCoop
915,6.881125,NaN,NaN,0.07884845107800104,0.7691069916744545,4,2,MovementCoop
916,6.8827917,NaN,NaN,-0.0155223558235486,0.7382792048069465,4,2,MovementCoop
917,6.8844583,NaN,NaN,-0.07592241868784236,0.636998699320001,4,2,MovementCoop
918,6.886125,NaN,NaN,-0.10161623579530812,0.48117282390566446,4,2,MovementCoop
919,6.8877917,NaN,NaN,-0.10549145727806333,0.24515653890827746,4,2,MovementCoop
920,6.8894583,NaN,NaN,-0.10797275398348301,-0.045786485247393795,4,2,MovementCoop
921,6.891125,NaN,NaN,-0.13712268040879502,-0.3141128209313222,4,2,MovementCoop
922,6.8927917,NaN,NaN,-0.22003700440739538,-0.5905238959813425,4,2,MovementCoop
923,6.8944583,NaN,NaN,-0.43324382591814253,-0.9264438300217233,4,2,MovementCoop
924,6.896125,NaN,NaN,-0.7206561592974056,-1.2424906404620302,4,2,MovementCoop
925,6.8977917,NaN,NaN,-1.0394624114066946,-1.4888322711781086,4,2,MovementCoop
926,6.8994583,NaN,NaN,-1.3474508813211412,-1.6553982511813967,4,2,MovementCoop
927,6.901125,NaN,NaN,-1.5998156695229695,-1.7503001691939033,4,2,MovementCoop
928,6.9027917,NaN,NaN,-1.754395188452195,-1.7907562559305483,4,2,MovementCoop
929,6.9044583,NaN,NaN,-1.7674872071504804,-1.8075672040407382,4,2,MovementCoop
930,6.906125,NaN,NaN,-1.6731835443276621,-1.8726586723643615,4,2,MovementCoop
931,6.9077917,NaN,NaN,-1.5184962620884026,-1.975362638523727,4,2,MovementCoop
932,6.9094583,NaN,NaN,-1.4153900692705068,-2.0666279908670315,4,2,MovementCoop
933,6.911125,NaN,NaN,-0.5659602148847237,-2.1243149136500135,4,2,MovementCoop
934,6.9127917,NaN,NaN,-0.09118585340165897,-2.115816964275648,4,2,MovementCoop
935,6.9144583,NaN,NaN,0.30135105708057003,-1.9679964885328023,4,2,MovementCoop
936,6.916125,NaN,NaN,0.6924853316732081,-1.618455480399363,4,2,MovementCoop
937,6.9177917,NaN,NaN,1.0484176590706293,-1.1326920098260098,4,2,MovementCoop
938,6.9194583,NaN,NaN,1.3039292631664103,-0.6121922308924147,4,2,MovementCoop
939,6.921125,NaN,NaN,1.4271591530093797,-0.14805306813994,4,2,MovementCoop
940,6.9227917,NaN,NaN,1.4118149202824541,0.21025817177090245,4,2,MovementCoop
941,6.9244583,NaN,NaN,1.3076600172144608,0.4730571638064969,4,2,MovementCoop
942,6.926125,NaN,NaN,1.141210041794831,0.6656158443014638,4,2,MovementCoop
943,6.9277917,NaN,NaN,0.942794786771131,0.8188108276714413,4,2,MovementCoop
944,6.9294583,NaN,NaN,0.7091376504645722,0.9302763684984156,4,2,MovementCoop
945,6.931125,NaN,NaN,0.4645793401919186,0.9696152171827394,4,2,MovementCoop
946,6.9327917,NaN,NaN,0.2454702507399238,0.9172832420298637,4,2,MovementCoop
947,6.9344583,NaN,NaN,0.08667895797412699,0.7949024984183433,4,2,MovementCoop
948,6.936125,NaN,NaN,-0.008994209148412473,0.6517495450768083,4,2,MovementCoop
949,6.9377917,NaN,NaN,-0.05729233484271074,0.49555891194016344,4,2,MovementCoop
950,6.9394583,NaN,NaN,-0.07413894080066614,0.29255396147822765,4,2,MovementCoop
951,6.941125,NaN,NaN,-0.07398967736033775,0.024407128611446352,4,2,MovementCoop
952,6.9427917,NaN,NaN,-0.0668103505747067,-0.2648599442879793,4,2,MovementCoop
953,6.9444583,NaN,NaN,-0.05687150981865047,-0.5274865547942327,4,2,MovementCoop
954,6.946125,NaN,NaN,-0.04771030711728867,-0.7483460988134266,4,2,MovementCoop
955,6.9477917,NaN,NaN,-0.03940798093322645,-0.9355480422283373,4,2,MovementCoop
956,6.9494583,NaN,NaN,-0.03189401040826229,-1.0976437551558729,4,2,MovementCoop
957,6.951125,NaN,NaN,-0.031140890708848006,-1.2436712021936107,4,2,MovementCoop
958,6.9527917,NaN,NaN,-0.04196371360347866,-1.4249568623584454,4,2,MovementCoop
959,6.9544583,NaN,NaN,-0.08052668196422777,-1.6308404575826196,4,2,MovementCoop
960,6.956125,NaN,NaN,-0.13280196873020064,-1.7933231070957574,4,2,MovementCoop
961,6.9577917,NaN,NaN,-0.16553059624975977,-1.8863169836206461,4,2,MovementCoop
962,6.9594583,NaN,NaN,-0.17670900870420225,-1.8964074789750518,4,2,MovementCoop
963,6.961125,NaN,NaN,-0.17643421715749938,-1.7985674320760194,4,2,MovementCoop
964,6.9627917,NaN,NaN,-0.17733934087188413,-1.5713006380147452,4,2,MovementCoop
965,6.9644583,NaN,NaN,-0.18755209227565112,-1.2686182107554214,4,2,MovementCoop
966,6.966125,NaN,NaN,-0.21572387824789968,-0.8942607871264897,4,2,MovementCoop
967,6.9677917,NaN,NaN,-0.31163038572568036,-0.462488177567564,4,2,MovementCoop
968,6.9694583,NaN,NaN,-0.5420896139967446,-0.0697148091641179,4,2,MovementCoop
969,6.971125,NaN,NaN,-0.7928325203376145,0.22849591299745006,4,2,MovementCoop
970,6.9727917,NaN,NaN,-0.8954774646554793,0.43660087912826,4,2,MovementCoop
971,6.9744583,NaN,NaN,-0.7658661467583917,0.5695642331304602,4,2,MovementCoop
972,6.976125,NaN,NaN,-0.4820410298302995,0.6514797620067236,4,2,MovementCoop
973,6.9777917,NaN,NaN,-0.12098382785216065,0.69199568784538,4,2,MovementCoop
974,6.9794583,NaN,NaN,0.27590795361402315,0.6915451559138934,4,2,MovementCoop
975,6.981125,NaN,NaN,0.7066552771048289,0.6580990098890094,4,2,MovementCoop
976,6.9827917,NaN,NaN,1.1204133379397916,0.6141322659084596,4,2,MovementCoop
977,6.9844583,NaN,NaN,1.4450956267758968,0.574311154630808,4,2,MovementCoop
978,6.986125,NaN,NaN,1.649335777446038,0.5454283559119659,4,2,MovementCoop
979,6.9877917,NaN,NaN,1.7450270029979156,0.5386276347239439,4,2,MovementCoop
980,6.9894583,NaN,NaN,1.7627590103205992,0.5513604683431902,4,2,MovementCoop
981,6.991125,NaN,NaN,1.716001185452824,0.5747640047841642,4,2,MovementCoop
982,6.9927917,NaN,NaN,1.609888141803054,0.6005973275223022,4,2,MovementCoop
983,6.9944583,NaN,NaN,1.467316205974003,0.6214984158993845,4,2,MovementCoop
984,6.996125,NaN,NaN,1.2761739956009273,0.6322027329382227,4,2,MovementCoop
985,6.9977917,NaN,NaN,1.080109713170649,0.6336257589440424,4,2,MovementCoop
986,6.9994583,NaN,NaN,0.9189946088636872,0.6303059927822197,4,2,MovementCoop
987,7.001125,NaN,NaN,0.7956647369851143,0.5830058630863628,4,2,MovementCoop
988,7.0027917,NaN,NaN,0.691111178184362,0.403606351701364,4,2,MovementCoop
989,7.0044583,NaN,NaN,0.5689582852369032,0.09815782210713156,4,2,MovementCoop
990,7.006125,NaN,NaN,0.39813356966716323,-0.31682551722990776,4,2,MovementCoop
991,7.007383333333333,NaN,NaN,0.26304743862536806,-0.6950429921083376,4,2,MovementCoop
